DateTimestamp,Plc_Line,WorkOrder,BatchNumber,ProductSerial,Anomaly,hour,day_of_week,day_of_month,month,weekend,sin_hour,cos_hour,rolling_anomaly_10,last_anomaly_time,time_since_last_anomaly,Anomaly_lag_1,Anomaly_lag_2,Anomaly_lag_3,Anomaly_lag_4,Anomaly_lag_5,time_until_next_anomaly
2025-03-06 21:11:40,2,19575,897,b16W3893OW,0,21,3,6,3,0,-0.7071067811865477,0.7071067811865474,0.0,,0.0,0.0,0.0,0.0,0.0,0.0,30.0
2025-03-06 21:11:45,2,19664,995,b29R2803SF,0,21,3,6,3,0,-0.7071067811865477,0.7071067811865474,0.0,,0.0,0.0,0.0,0.0,0.0,0.0,25.0
2025-03-06 21:11:50,2,19244,977,b28R4453QK,0,21,3,6,3,0,-0.7071067811865477,0.7071067811865474,0.0,,0.0,0.0,0.0,0.0,0.0,0.0,20.0
2025-03-06 21:11:55,2,19278,998,b48H5828SV,0,21,3,6,3,0,-0.7071067811865477,0.7071067811865474,0.0,,0.0,0.0,0.0,0.0,0.0,0.0,15.0
2025-03-06 21:12:00,3,19446,304,b71S3515KQ,0,21,3,6,3,0,-0.7071067811865477,0.7071067811865474,0.0,,0.0,0.0,0.0,0.0,0.0,0.0,10.0
2025-03-06 21:12:05,3,19587,875,b94Y6968TE,0,21,3,6,3,0,-0.7071067811865477,0.7071067811865474,0.0,,0.0,0.0,0.0,0.0,0.0,0.0,5.0
2025-03-06 21:12:10,1,19032,120,0000000000,1,21,3,6,3,0,-0.7071067811865477,0.7071067811865474,1.0,2025-03-06 21:12:10,0.0,0.0,0.0,0.0,0.0,0.0,0.0
2025-03-06 21:12:15,2,19866,569,b91H1472KB,0,21,3,6,3,0,-0.7071067811865477,0.7071067811865474,1.0,2025-03-06 21:12:10,5.0,1.0,0.0,0.0,0.0,0.0,145.0
2025-03-06 21:12:20,3,19618,790,b73O5544ZU,0,21,3,6,3,0,-0.7071067811865477,0.7071067811865474,1.0,2025-03-06 21:12:10,10.0,0.0,1.0,0.0,0.0,0.0,140.0
2025-03-06 21:12:25,1,19131,547,b56A1288HN,0,21,3,6,3,0,-0.7071067811865477,0.7071067811865474,1.0,2025-03-06 21:12:10,15.0,0.0,0.0,1.0,0.0,0.0,135.0
2025-03-06 21:12:30,1,19808,960,b29I1341TB,0,21,3,6,3,0,-0.7071067811865477,0.7071067811865474,1.0,2025-03-06 21:12:10,20.0,0.0,0.0,0.0,1.0,0.0,130.0
2025-03-06 21:12:35,1,19154,666,b69X2416QG,0,21,3,6,3,0,-0.7071067811865477,0.7071067811865474,1.0,2025-03-06 21:12:10,25.0,0.0,0.0,0.0,0.0,1.0,125.0
2025-03-06 21:12:40,2,19524,282,b31K8754AC,0,21,3,6,3,0,-0.7071067811865477,0.7071067811865474,1.0,2025-03-06 21:12:10,30.0,0.0,0.0,0.0,0.0,0.0,120.0
2025-03-06 21:12:45,2,19735,876,b96K8299MT,0,21,3,6,3,0,-0.7071067811865477,0.7071067811865474,1.0,2025-03-06 21:12:10,35.0,0.0,0.0,0.0,0.0,0.0,115.0
2025-03-06 21:12:50,3,19152,541,b13R6899LU,0,21,3,6,3,0,-0.7071067811865477,0.7071067811865474,1.0,2025-03-06 21:12:10,40.0,0.0,0.0,0.0,0.0,0.0,110.0
2025-03-06 21:12:55,2,19456,133,b81W1816YS,0,21,3,6,3,0,-0.7071067811865477,0.7071067811865474,1.0,2025-03-06 21:12:10,45.0,0.0,0.0,0.0,0.0,0.0,105.0
2025-03-06 21:13:00,2,19733,822,b15L6589JV,0,21,3,6,3,0,-0.7071067811865477,0.7071067811865474,0.0,2025-03-06 21:12:10,50.0,0.0,0.0,0.0,0.0,0.0,100.0
2025-03-06 21:13:05,3,19828,137,b79X5397BG,0,21,3,6,3,0,-0.7071067811865477,0.7071067811865474,0.0,2025-03-06 21:12:10,55.0,0.0,0.0,0.0,0.0,0.0,95.0
2025-03-06 21:13:10,1,19455,927,b36K9231QI,0,21,3,6,3,0,-0.7071067811865477,0.7071067811865474,0.0,2025-03-06 21:12:10,60.0,0.0,0.0,0.0,0.0,0.0,90.0
2025-03-06 21:13:15,3,19863,636,b14W2974MP,0,21,3,6,3,0,-0.7071067811865477,0.7071067811865474,0.0,2025-03-06 21:12:10,65.0,0.0,0.0,0.0,0.0,0.0,85.0
2025-03-06 21:13:20,2,19748,291,b96A8362IF,0,21,3,6,3,0,-0.7071067811865477,0.7071067811865474,0.0,2025-03-06 21:12:10,70.0,0.0,0.0,0.0,0.0,0.0,80.0
2025-03-06 21:13:25,3,19739,406,b51H8269MB,0,21,3,6,3,0,-0.7071067811865477,0.7071067811865474,0.0,2025-03-06 21:12:10,75.0,0.0,0.0,0.0,0.0,0.0,75.0
2025-03-06 21:13:30,3,19461,759,b96Q9521IO,0,21,3,6,3,0,-0.7071067811865477,0.7071067811865474,0.0,2025-03-06 21:12:10,80.0,0.0,0.0,0.0,0.0,0.0,70.0
2025-03-06 21:13:35,1,19678,305,b10T9061DF,0,21,3,6,3,0,-0.7071067811865477,0.7071067811865474,0.0,2025-03-06 21:12:10,85.0,0.0,0.0,0.0,0.0,0.0,65.0
2025-03-06 21:13:40,2,19055,358,b53S7555RG,0,21,3,6,3,0,-0.7071067811865477,0.7071067811865474,0.0,2025-03-06 21:12:10,90.0,0.0,0.0,0.0,0.0,0.0,60.0
2025-03-06 21:13:45,3,19945,711,b70X8216RZ,0,21,3,6,3,0,-0.7071067811865477,0.7071067811865474,0.0,2025-03-06 21:12:10,95.0,0.0,0.0,0.0,0.0,0.0,55.0
2025-03-06 21:13:50,2,19278,998,b91Z9797KB,0,21,3,6,3,0,-0.7071067811865477,0.7071067811865474,0.0,2025-03-06 21:12:10,100.0,0.0,0.0,0.0,0.0,0.0,50.0
2025-03-06 21:13:55,3,19669,130,b92T7653AN,0,21,3,6,3,0,-0.7071067811865477,0.7071067811865474,0.0,2025-03-06 21:12:10,105.0,0.0,0.0,0.0,0.0,0.0,45.0
2025-03-06 21:14:00,3,19420,313,b48S9431FP,0,21,3,6,3,0,-0.7071067811865477,0.7071067811865474,0.0,2025-03-06 21:12:10,110.0,0.0,0.0,0.0,0.0,0.0,40.0
2025-03-06 21:14:05,2,19744,852,b33J5480NY,0,21,3,6,3,0,-0.7071067811865477,0.7071067811865474,0.0,2025-03-06 21:12:10,115.0,0.0,0.0,0.0,0.0,0.0,35.0
2025-03-06 21:14:10,1,19433,714,b98I3835HK,0,21,3,6,3,0,-0.7071067811865477,0.7071067811865474,0.0,2025-03-06 21:12:10,120.0,0.0,0.0,0.0,0.0,0.0,30.0
2025-03-06 21:14:15,2,19642,721,b91D2999LH,0,21,3,6,3,0,-0.7071067811865477,0.7071067811865474,0.0,2025-03-06 21:12:10,125.0,0.0,0.0,0.0,0.0,0.0,25.0
2025-03-06 21:14:20,2,19244,977,b29B5356UJ,0,21,3,6,3,0,-0.7071067811865477,0.7071067811865474,0.0,2025-03-06 21:12:10,130.0,0.0,0.0,0.0,0.0,0.0,20.0
2025-03-06 21:14:25,2,19076,513,b59H7449RR,0,21,3,6,3,0,-0.7071067811865477,0.7071067811865474,0.0,2025-03-06 21:12:10,135.0,0.0,0.0,0.0,0.0,0.0,15.0
2025-03-06 21:14:30,3,19691,658,b70L1462ES,0,21,3,6,3,0,-0.7071067811865477,0.7071067811865474,0.0,2025-03-06 21:12:10,140.0,0.0,0.0,0.0,0.0,0.0,10.0
2025-03-06 21:14:35,1,19237,343,b68X3333SB,0,21,3,6,3,0,-0.7071067811865477,0.7071067811865474,0.0,2025-03-06 21:12:10,145.0,0.0,0.0,0.0,0.0,0.0,5.0
2025-03-06 21:14:40,3,19765,225,0000000000,1,21,3,6,3,0,-0.7071067811865477,0.7071067811865474,1.0,2025-03-06 21:14:40,0.0,0.0,0.0,0.0,0.0,0.0,0.0
2025-03-06 21:14:45,3,19813,770,b37C5024YL,0,21,3,6,3,0,-0.7071067811865477,0.7071067811865474,1.0,2025-03-06 21:14:40,5.0,1.0,0.0,0.0,0.0,0.0,15.0
2025-03-06 21:14:50,2,19195,955,b44J4181HB,0,21,3,6,3,0,-0.7071067811865477,0.7071067811865474,1.0,2025-03-06 21:14:40,10.0,0.0,1.0,0.0,0.0,0.0,10.0
2025-03-06 21:14:55,2,19404,460,b43P1031GW,0,21,3,6,3,0,-0.7071067811865477,0.7071067811865474,1.0,2025-03-06 21:14:40,15.0,0.0,0.0,1.0,0.0,0.0,5.0
2025-03-06 21:15:00,3,19223,531,0000000000,1,21,3,6,3,0,-0.7071067811865477,0.7071067811865474,2.0,2025-03-06 21:15:00,0.0,0.0,0.0,0.0,1.0,0.0,0.0
2025-03-06 21:15:05,3,19009,402,b81I4749QJ,0,21,3,6,3,0,-0.7071067811865477,0.7071067811865474,2.0,2025-03-06 21:15:00,5.0,1.0,0.0,0.0,0.0,1.0,45.0
2025-03-06 21:15:10,2,19189,632,b43G1129SG,0,21,3,6,3,0,-0.7071067811865477,0.7071067811865474,2.0,2025-03-06 21:15:00,10.0,0.0,1.0,0.0,0.0,0.0,40.0
2025-03-06 21:15:15,1,19973,739,b29D5963HS,0,21,3,6,3,0,-0.7071067811865477,0.7071067811865474,2.0,2025-03-06 21:15:00,15.0,0.0,0.0,1.0,0.0,0.0,35.0
2025-03-06 21:15:20,2,19375,923,b53L3667ZB,0,21,3,6,3,0,-0.7071067811865477,0.7071067811865474,2.0,2025-03-06 21:15:00,20.0,0.0,0.0,0.0,1.0,0.0,30.0
2025-03-06 21:15:25,1,19990,928,b90E6622VT,0,21,3,6,3,0,-0.7071067811865477,0.7071067811865474,2.0,2025-03-06 21:15:00,25.0,0.0,0.0,0.0,0.0,1.0,25.0
2025-03-06 21:15:30,1,19331,331,b26V6355JH,0,21,3,6,3,0,-0.7071067811865477,0.7071067811865474,1.0,2025-03-06 21:15:00,30.0,0.0,0.0,0.0,0.0,0.0,20.0
2025-03-06 21:15:35,1,19611,854,b26U6055ZE,0,21,3,6,3,0,-0.7071067811865477,0.7071067811865474,1.0,2025-03-06 21:15:00,35.0,0.0,0.0,0.0,0.0,0.0,15.0
2025-03-06 21:15:40,2,19100,908,b73T3768HR,0,21,3,6,3,0,-0.7071067811865477,0.7071067811865474,1.0,2025-03-06 21:15:00,40.0,0.0,0.0,0.0,0.0,0.0,10.0
2025-03-06 21:15:45,3,19509,194,b12R6288NJ,0,21,3,6,3,0,-0.7071067811865477,0.7071067811865474,1.0,2025-03-06 21:15:00,45.0,0.0,0.0,0.0,0.0,0.0,5.0
2025-03-06 21:15:50,3,19940,330,b9XX56YL,2,21,3,6,3,0,-0.7071067811865477,0.7071067811865474,2.0,2025-03-06 21:15:50,0.0,0.0,0.0,0.0,0.0,0.0,0.0
2025-03-06 21:15:55,3,19100,908,b63D1595GT,0,21,3,6,3,0,-0.7071067811865477,0.7071067811865474,2.0,2025-03-06 21:15:50,5.0,2.0,0.0,0.0,0.0,0.0,10.0
2025-03-06 21:16:00,3,19749,936,b72B4019OI,0,21,3,6,3,0,-0.7071067811865477,0.7071067811865474,2.0,2025-03-06 21:15:50,10.0,0.0,2.0,0.0,0.0,0.0,5.0
2025-03-06 21:16:05,2,19891,442,0000000000,1,21,3,6,3,0,-0.7071067811865477,0.7071067811865474,3.0,2025-03-06 21:16:05,0.0,0.0,0.0,2.0,0.0,0.0,0.0
2025-03-06 21:16:10,2,19309,560,b99S6098VK,0,21,3,6,3,0,-0.7071067811865477,0.7071067811865474,3.0,2025-03-06 21:16:05,5.0,1.0,0.0,0.0,2.0,0.0,40.0
2025-03-06 21:16:15,1,19694,259,b17K6165RR,0,21,3,6,3,0,-0.7071067811865477,0.7071067811865474,3.0,2025-03-06 21:16:05,10.0,0.0,1.0,0.0,0.0,2.0,35.0
2025-03-06 21:16:20,3,19814,231,b90Q7376AA,0,21,3,6,3,0,-0.7071067811865477,0.7071067811865474,3.0,2025-03-06 21:16:05,15.0,0.0,0.0,1.0,0.0,0.0,30.0
2025-03-06 21:16:25,2,19860,537,b47Y6946RW,0,21,3,6,3,0,-0.7071067811865477,0.7071067811865474,3.0,2025-03-06 21:16:05,20.0,0.0,0.0,0.0,1.0,0.0,25.0
2025-03-06 21:16:30,1,19622,237,b66X9583TM,0,21,3,6,3,0,-0.7071067811865477,0.7071067811865474,3.0,2025-03-06 21:16:05,25.0,0.0,0.0,0.0,0.0,1.0,20.0
2025-03-06 21:16:35,2,19231,737,b43T7747DM,0,21,3,6,3,0,-0.7071067811865477,0.7071067811865474,3.0,2025-03-06 21:16:05,30.0,0.0,0.0,0.0,0.0,0.0,15.0
2025-03-06 21:16:40,3,19482,504,b38E2118ZO,0,21,3,6,3,0,-0.7071067811865477,0.7071067811865474,1.0,2025-03-06 21:16:05,35.0,0.0,0.0,0.0,0.0,0.0,10.0
2025-03-06 21:16:45,2,19780,958,b38J2633IT,0,21,3,6,3,0,-0.7071067811865477,0.7071067811865474,1.0,2025-03-06 21:16:05,40.0,0.0,0.0,0.0,0.0,0.0,5.0
2025-03-06 21:16:50,1,19542,173,b85,2,21,3,6,3,0,-0.7071067811865477,0.7071067811865474,3.0,2025-03-06 21:16:50,0.0,0.0,0.0,0.0,0.0,0.0,0.0
2025-03-06 21:16:55,3,19489,285,b20A,2,21,3,6,3,0,-0.7071067811865477,0.7071067811865474,4.0,2025-03-06 21:16:55,0.0,2.0,0.0,0.0,0.0,0.0,0.0
2025-03-06 21:17:00,3,19850,869,0000000000,1,21,3,6,3,0,-0.7071067811865477,0.7071067811865474,5.0,2025-03-06 21:17:00,0.0,2.0,2.0,0.0,0.0,0.0,0.0
2025-03-06 21:17:05,3,19073,325,b59S7986YZ,0,21,3,6,3,0,-0.7071067811865477,0.7071067811865474,5.0,2025-03-06 21:17:00,5.0,1.0,2.0,2.0,0.0,0.0,60.0
2025-03-06 21:17:10,1,19601,968,b37O4743GH,0,21,3,6,3,0,-0.7071067811865477,0.7071067811865474,5.0,2025-03-06 21:17:00,10.0,0.0,1.0,2.0,2.0,0.0,55.0
2025-03-06 21:17:15,1,19545,707,b30B4481QV,0,21,3,6,3,0,-0.7071067811865477,0.7071067811865474,5.0,2025-03-06 21:17:00,15.0,0.0,0.0,1.0,2.0,2.0,50.0
2025-03-06 21:17:20,2,19351,101,b27R5505PL,0,21,3,6,3,0,-0.7071067811865477,0.7071067811865474,5.0,2025-03-06 21:17:00,20.0,0.0,0.0,0.0,1.0,2.0,45.0
2025-03-06 21:17:25,2,19236,988,b88A5364CJ,0,21,3,6,3,0,-0.7071067811865477,0.7071067811865474,5.0,2025-03-06 21:17:00,25.0,0.0,0.0,0.0,0.0,1.0,40.0
2025-03-06 21:17:30,2,19397,353,b28T4560FA,0,21,3,6,3,0,-0.7071067811865477,0.7071067811865474,5.0,2025-03-06 21:17:00,30.0,0.0,0.0,0.0,0.0,0.0,35.0
2025-03-06 21:17:35,3,19044,385,b72G8869AX,0,21,3,6,3,0,-0.7071067811865477,0.7071067811865474,5.0,2025-03-06 21:17:00,35.0,0.0,0.0,0.0,0.0,0.0,30.0
2025-03-06 21:17:40,3,19601,968,b29F6901DP,0,21,3,6,3,0,-0.7071067811865477,0.7071067811865474,3.0,2025-03-06 21:17:00,40.0,0.0,0.0,0.0,0.0,0.0,25.0
2025-03-06 21:17:45,3,19789,617,b65W4513BI,0,21,3,6,3,0,-0.7071067811865477,0.7071067811865474,1.0,2025-03-06 21:17:00,45.0,0.0,0.0,0.0,0.0,0.0,20.0
2025-03-06 21:17:50,3,19309,560,b99S6098VK,0,21,3,6,3,0,-0.7071067811865477,0.7071067811865474,0.0,2025-03-06 21:17:00,50.0,0.0,0.0,0.0,0.0,0.0,15.0
2025-03-06 21:17:55,1,19397,353,b41O5773WK,0,21,3,6,3,0,-0.7071067811865477,0.7071067811865474,0.0,2025-03-06 21:17:00,55.0,0.0,0.0,0.0,0.0,0.0,10.0
2025-03-06 21:18:00,1,19436,498,b24P3333HB,0,21,3,6,3,0,-0.7071067811865477,0.7071067811865474,0.0,2025-03-06 21:17:00,60.0,0.0,0.0,0.0,0.0,0.0,5.0
2025-03-06 21:18:05,2,19052,867,0000000000,1,21,3,6,3,0,-0.7071067811865477,0.7071067811865474,1.0,2025-03-06 21:18:05,0.0,0.0,0.0,0.0,0.0,0.0,0.0
2025-03-06 21:18:10,2,19780,958,b54K33,2,21,3,6,3,0,-0.7071067811865477,0.7071067811865474,3.0,2025-03-06 21:18:10,0.0,1.0,0.0,0.0,0.0,0.0,0.0
2025-03-06 21:18:15,2,19278,998,b25P9,2,21,3,6,3,0,-0.7071067811865477,0.7071067811865474,5.0,2025-03-06 21:18:15,0.0,2.0,1.0,0.0,0.0,0.0,0.0
2025-03-06 21:18:20,2,19622,237,b16S4748JO,0,21,3,6,3,0,-0.7071067811865477,0.7071067811865474,5.0,2025-03-06 21:18:15,5.0,2.0,2.0,1.0,0.0,0.0,10.0
2025-03-06 21:18:25,1,19817,631,b69M1278FQ,0,21,3,6,3,0,-0.7071067811865477,0.7071067811865474,5.0,2025-03-06 21:18:15,10.0,0.0,2.0,2.0,1.0,0.0,5.0
2025-03-06 21:18:30,2,19135,688,bXXEK,2,21,3,6,3,0,-0.7071067811865477,0.7071067811865474,7.0,2025-03-06 21:18:30,0.0,0.0,0.0,2.0,2.0,1.0,0.0
2025-03-06 21:18:35,3,19928,888,b73T7194HJ,0,21,3,6,3,0,-0.7071067811865477,0.7071067811865474,7.0,2025-03-06 21:18:30,5.0,2.0,0.0,0.0,2.0,2.0,10.0
2025-03-06 21:18:40,1,19704,138,b85R7752JS,0,21,3,6,3,0,-0.7071067811865477,0.7071067811865474,7.0,2025-03-06 21:18:30,10.0,0.0,2.0,0.0,0.0,2.0,5.0
2025-03-06 21:18:45,3,19312,591,0000000000,1,21,3,6,3,0,-0.7071067811865477,0.7071067811865474,8.0,2025-03-06 21:18:45,0.0,0.0,0.0,2.0,0.0,0.0,0.0
2025-03-06 21:18:50,3,19746,908,0000000000,1,21,3,6,3,0,-0.7071067811865477,0.7071067811865474,9.0,2025-03-06 21:18:50,0.0,1.0,0.0,0.0,2.0,0.0,0.0
2025-03-06 21:18:55,2,19150,681,b85B1759JP,0,21,3,6,3,0,-0.7071067811865477,0.7071067811865474,8.0,2025-03-06 21:18:50,5.0,1.0,1.0,0.0,0.0,2.0,30.0
2025-03-06 21:19:00,3,19046,867,b56W3607HV,0,21,3,6,3,0,-0.7071067811865477,0.7071067811865474,6.0,2025-03-06 21:18:50,10.0,0.0,1.0,1.0,0.0,0.0,25.0
2025-03-06 21:19:05,3,19152,541,b21I9891YX,0,21,3,6,3,0,-0.7071067811865477,0.7071067811865474,4.0,2025-03-06 21:18:50,15.0,0.0,0.0,1.0,1.0,0.0,20.0
2025-03-06 21:19:10,3,19479,351,b99E5629NG,0,21,3,6,3,0,-0.7071067811865477,0.7071067811865474,4.0,2025-03-06 21:18:50,20.0,0.0,0.0,0.0,1.0,1.0,15.0
2025-03-06 21:19:15,2,19626,510,b12N4402OQ,0,21,3,6,3,0,-0.7071067811865477,0.7071067811865474,4.0,2025-03-06 21:18:50,25.0,0.0,0.0,0.0,0.0,1.0,10.0
2025-03-06 21:19:20,3,19131,547,b28K6379TH,0,21,3,6,3,0,-0.7071067811865477,0.7071067811865474,2.0,2025-03-06 21:18:50,30.0,0.0,0.0,0.0,0.0,0.0,5.0
2025-03-06 21:19:25,1,19105,813,0000000000,1,21,3,6,3,0,-0.7071067811865477,0.7071067811865474,3.0,2025-03-06 21:19:25,0.0,0.0,0.0,0.0,0.0,0.0,0.0
2025-03-06 21:19:30,1,19001,339,b73Y9003LL,0,21,3,6,3,0,-0.7071067811865477,0.7071067811865474,3.0,2025-03-06 21:19:25,5.0,1.0,0.0,0.0,0.0,0.0,5.0
2025-03-06 21:19:35,3,19529,510,b87OXXDZ,2,21,3,6,3,0,-0.7071067811865477,0.7071067811865474,4.0,2025-03-06 21:19:35,0.0,0.0,1.0,0.0,0.0,0.0,0.0
2025-03-06 21:19:40,3,19910,219,b76E6925SW,0,21,3,6,3,0,-0.7071067811865477,0.7071067811865474,3.0,2025-03-06 21:19:35,5.0,2.0,0.0,1.0,0.0,0.0,20.0
2025-03-06 21:19:45,1,19127,865,b29O3750OA,0,21,3,6,3,0,-0.7071067811865477,0.7071067811865474,3.0,2025-03-06 21:19:35,10.0,0.0,2.0,0.0,1.0,0.0,15.0
2025-03-06 21:19:50,2,19938,666,b68C8034HO,0,21,3,6,3,0,-0.7071067811865477,0.7071067811865474,3.0,2025-03-06 21:19:35,15.0,0.0,0.0,2.0,0.0,1.0,10.0
2025-03-06 21:19:55,3,19959,378,b51H7224LD,0,21,3,6,3,0,-0.7071067811865477,0.7071067811865474,3.0,2025-03-06 21:19:35,20.0,0.0,0.0,0.0,2.0,0.0,5.0
2025-03-06 21:20:00,1,19268,119,0000000000,1,21,3,6,3,0,-0.7071067811865477,0.7071067811865474,4.0,2025-03-06 21:20:00,0.0,0.0,0.0,0.0,0.0,2.0,0.0
2025-03-06 21:20:05,2,19626,510,b48P2603NR,0,21,3,6,3,0,-0.7071067811865477,0.7071067811865474,4.0,2025-03-06 21:20:00,5.0,1.0,0.0,0.0,0.0,0.0,35.0
2025-03-06 21:20:10,3,19289,650,b21V4908EI,0,21,3,6,3,0,-0.7071067811865477,0.7071067811865474,4.0,2025-03-06 21:20:00,10.0,0.0,1.0,0.0,0.0,0.0,30.0
2025-03-06 21:20:15,1,19108,231,b53N5871MZ,0,21,3,6,3,0,-0.7071067811865477,0.7071067811865474,3.0,2025-03-06 21:20:00,15.0,0.0,0.0,1.0,0.0,0.0,25.0
2025-03-06 21:20:20,1,19859,307,b73J8092KT,0,21,3,6,3,0,-0.7071067811865477,0.7071067811865474,3.0,2025-03-06 21:20:00,20.0,0.0,0.0,0.0,1.0,0.0,20.0
2025-03-06 21:20:25,1,19966,141,b89Z6426BX,0,21,3,6,3,0,-0.7071067811865477,0.7071067811865474,1.0,2025-03-06 21:20:00,25.0,0.0,0.0,0.0,0.0,1.0,15.0
2025-03-06 21:20:30,1,19381,746,b18L6719WB,0,21,3,6,3,0,-0.7071067811865477,0.7071067811865474,1.0,2025-03-06 21:20:00,30.0,0.0,0.0,0.0,0.0,0.0,10.0
2025-03-06 21:20:35,2,19174,738,b57R3906OE,0,21,3,6,3,0,-0.7071067811865477,0.7071067811865474,1.0,2025-03-06 21:20:00,35.0,0.0,0.0,0.0,0.0,0.0,5.0
2025-03-06 21:20:40,2,19142,721,b83,2,21,3,6,3,0,-0.7071067811865477,0.7071067811865474,3.0,2025-03-06 21:20:40,0.0,0.0,0.0,0.0,0.0,0.0,0.0
2025-03-06 21:20:45,2,19827,829,b14Y52,2,21,3,6,3,0,-0.7071067811865477,0.7071067811865474,5.0,2025-03-06 21:20:45,0.0,2.0,0.0,0.0,0.0,0.0,0.0
2025-03-06 21:20:50,3,19656,572,b33U9114SO,0,21,3,6,3,0,-0.7071067811865477,0.7071067811865474,4.0,2025-03-06 21:20:45,5.0,2.0,2.0,0.0,0.0,0.0,30.0
2025-03-06 21:20:55,3,19057,842,b29O6040OG,0,21,3,6,3,0,-0.7071067811865477,0.7071067811865474,4.0,2025-03-06 21:20:45,10.0,0.0,2.0,2.0,0.0,0.0,25.0
2025-03-06 21:21:00,2,19686,528,b14T2996OQ,0,21,3,6,3,0,-0.7071067811865477,0.7071067811865474,4.0,2025-03-06 21:20:45,15.0,0.0,0.0,2.0,2.0,0.0,20.0
2025-03-06 21:21:05,1,19949,862,b16X7878IW,0,21,3,6,3,0,-0.7071067811865477,0.7071067811865474,4.0,2025-03-06 21:20:45,20.0,0.0,0.0,0.0,2.0,2.0,15.0
2025-03-06 21:21:10,1,19493,645,b90L4354XZ,0,21,3,6,3,0,-0.7071067811865477,0.7071067811865474,4.0,2025-03-06 21:20:45,25.0,0.0,0.0,0.0,0.0,2.0,10.0
2025-03-06 21:21:15,3,19017,336,b83N2426HK,0,21,3,6,3,0,-0.7071067811865477,0.7071067811865474,4.0,2025-03-06 21:20:45,30.0,0.0,0.0,0.0,0.0,0.0,5.0
2025-03-06 21:21:20,2,19404,460,b6XX209IU,2,21,3,6,3,0,-0.7071067811865477,0.7071067811865474,6.0,2025-03-06 21:21:20,0.0,0.0,0.0,0.0,0.0,0.0,0.0
2025-03-06 21:21:25,2,19502,956,b62XX90VA,2,21,3,6,3,0,-0.7071067811865477,0.7071067811865474,8.0,2025-03-06 21:21:25,0.0,2.0,0.0,0.0,0.0,0.0,0.0
2025-03-06 21:21:30,1,19370,735,b57G7793CV,0,21,3,6,3,0,-0.7071067811865477,0.7071067811865474,6.0,2025-03-06 21:21:25,5.0,2.0,2.0,0.0,0.0,0.0,5.0
2025-03-06 21:21:35,2,19082,161,0000000000,1,21,3,6,3,0,-0.7071067811865477,0.7071067811865474,5.0,2025-03-06 21:21:35,0.0,0.0,2.0,2.0,0.0,0.0,0.0
2025-03-06 21:21:40,1,19279,350,b3XXIX,2,21,3,6,3,0,-0.7071067811865477,0.7071067811865474,7.0,2025-03-06 21:21:40,0.0,1.0,0.0,2.0,2.0,0.0,0.0
2025-03-06 21:21:45,3,19720,670,b27L8495YO,0,21,3,6,3,0,-0.7071067811865477,0.7071067811865474,7.0,2025-03-06 21:21:40,5.0,2.0,1.0,0.0,2.0,2.0,25.0
2025-03-06 21:21:50,1,19357,929,b86E7280SG,0,21,3,6,3,0,-0.7071067811865477,0.7071067811865474,7.0,2025-03-06 21:21:40,10.0,0.0,2.0,1.0,0.0,2.0,20.0
2025-03-06 21:21:55,1,19065,975,b76Z3196DC,0,21,3,6,3,0,-0.7071067811865477,0.7071067811865474,7.0,2025-03-06 21:21:40,15.0,0.0,0.0,2.0,1.0,0.0,15.0
2025-03-06 21:22:00,3,19078,732,b47Y5984QG,0,21,3,6,3,0,-0.7071067811865477,0.7071067811865474,7.0,2025-03-06 21:21:40,20.0,0.0,0.0,0.0,2.0,1.0,10.0
2025-03-06 21:22:05,3,19925,130,b37I5261OD,0,21,3,6,3,0,-0.7071067811865477,0.7071067811865474,7.0,2025-03-06 21:21:40,25.0,0.0,0.0,0.0,0.0,2.0,5.0
2025-03-06 21:22:10,2,19060,126,b58Z5739,2,21,3,6,3,0,-0.7071067811865477,0.7071067811865474,7.0,2025-03-06 21:22:10,0.0,0.0,0.0,0.0,0.0,0.0,0.0
2025-03-06 21:22:15,1,19803,767,b10R7756CB,0,21,3,6,3,0,-0.7071067811865477,0.7071067811865474,5.0,2025-03-06 21:22:10,5.0,2.0,0.0,0.0,0.0,0.0,25.0
2025-03-06 21:22:20,2,19632,624,b49G1756ES,0,21,3,6,3,0,-0.7071067811865477,0.7071067811865474,5.0,2025-03-06 21:22:10,10.0,0.0,2.0,0.0,0.0,0.0,20.0
2025-03-06 21:22:25,2,19806,742,b97Q9690VL,0,21,3,6,3,0,-0.7071067811865477,0.7071067811865474,4.0,2025-03-06 21:22:10,15.0,0.0,0.0,2.0,0.0,0.0,15.0
2025-03-06 21:22:30,1,19983,484,b50S6378QP,0,21,3,6,3,0,-0.7071067811865477,0.7071067811865474,2.0,2025-03-06 21:22:10,20.0,0.0,0.0,0.0,2.0,0.0,10.0
2025-03-06 21:22:35,1,19509,194,b32W4229WP,0,21,3,6,3,0,-0.7071067811865477,0.7071067811865474,2.0,2025-03-06 21:22:10,25.0,0.0,0.0,0.0,0.0,2.0,5.0
2025-03-06 21:22:40,3,19127,865,0000000000,1,21,3,6,3,0,-0.7071067811865477,0.7071067811865474,3.0,2025-03-06 21:22:40,0.0,0.0,0.0,0.0,0.0,0.0,0.0
2025-03-06 21:22:45,2,19782,499,b46M1411OG,0,21,3,6,3,0,-0.7071067811865477,0.7071067811865474,3.0,2025-03-06 21:22:40,5.0,1.0,0.0,0.0,0.0,0.0,55.0
2025-03-06 21:22:50,2,19191,376,b80E6715QI,0,21,3,6,3,0,-0.7071067811865477,0.7071067811865474,3.0,2025-03-06 21:22:40,10.0,0.0,1.0,0.0,0.0,0.0,50.0
2025-03-06 21:22:55,1,19793,401,b18C5284SD,0,21,3,6,3,0,-0.7071067811865477,0.7071067811865474,3.0,2025-03-06 21:22:40,15.0,0.0,0.0,1.0,0.0,0.0,45.0
2025-03-06 21:23:00,2,19778,497,b75G8111EI,0,21,3,6,3,0,-0.7071067811865477,0.7071067811865474,1.0,2025-03-06 21:22:40,20.0,0.0,0.0,0.0,1.0,0.0,40.0
2025-03-06 21:23:05,2,19416,364,b92U8267TB,0,21,3,6,3,0,-0.7071067811865477,0.7071067811865474,1.0,2025-03-06 21:22:40,25.0,0.0,0.0,0.0,0.0,1.0,35.0
2025-03-06 21:23:10,1,19924,983,b89W9788ZT,0,21,3,6,3,0,-0.7071067811865477,0.7071067811865474,1.0,2025-03-06 21:22:40,30.0,0.0,0.0,0.0,0.0,0.0,30.0
2025-03-06 21:23:15,3,19885,323,b30W5031HP,0,21,3,6,3,0,-0.7071067811865477,0.7071067811865474,1.0,2025-03-06 21:22:40,35.0,0.0,0.0,0.0,0.0,0.0,25.0
2025-03-06 21:23:20,2,19786,746,b21F1544FS,0,21,3,6,3,0,-0.7071067811865477,0.7071067811865474,1.0,2025-03-06 21:22:40,40.0,0.0,0.0,0.0,0.0,0.0,20.0
2025-03-06 21:23:25,1,19356,600,b59S3318UO,0,21,3,6,3,0,-0.7071067811865477,0.7071067811865474,1.0,2025-03-06 21:22:40,45.0,0.0,0.0,0.0,0.0,0.0,15.0
2025-03-06 21:23:30,2,19068,432,b63L3648DF,0,21,3,6,3,0,-0.7071067811865477,0.7071067811865474,0.0,2025-03-06 21:22:40,50.0,0.0,0.0,0.0,0.0,0.0,10.0
2025-03-06 21:23:35,1,19402,566,b27F2915WY,0,21,3,6,3,0,-0.7071067811865477,0.7071067811865474,0.0,2025-03-06 21:22:40,55.0,0.0,0.0,0.0,0.0,0.0,5.0
2025-03-06 21:23:40,3,19833,530,bXX849GT,2,21,3,6,3,0,-0.7071067811865477,0.7071067811865474,2.0,2025-03-06 21:23:40,0.0,0.0,0.0,0.0,0.0,0.0,0.0
2025-03-06 21:23:45,2,19159,804,b35R2967TK,0,21,3,6,3,0,-0.7071067811865477,0.7071067811865474,2.0,2025-03-06 21:23:40,5.0,2.0,0.0,0.0,0.0,0.0,25.0
2025-03-06 21:23:50,2,19879,467,b38T4635NA,0,21,3,6,3,0,-0.7071067811865477,0.7071067811865474,2.0,2025-03-06 21:23:40,10.0,0.0,2.0,0.0,0.0,0.0,20.0
2025-03-06 21:23:55,1,19104,404,b89J1266PC,0,21,3,6,3,0,-0.7071067811865477,0.7071067811865474,2.0,2025-03-06 21:23:40,15.0,0.0,0.0,2.0,0.0,0.0,15.0
2025-03-06 21:24:00,2,19235,820,b91P1237VY,0,21,3,6,3,0,-0.7071067811865477,0.7071067811865474,2.0,2025-03-06 21:23:40,20.0,0.0,0.0,0.0,2.0,0.0,10.0
2025-03-06 21:24:05,3,19809,858,b98E3906FZ,0,21,3,6,3,0,-0.7071067811865477,0.7071067811865474,2.0,2025-03-06 21:23:40,25.0,0.0,0.0,0.0,0.0,2.0,5.0
2025-03-06 21:24:10,3,19416,364,b26D7353,2,21,3,6,3,0,-0.7071067811865477,0.7071067811865474,4.0,2025-03-06 21:24:10,0.0,0.0,0.0,0.0,0.0,0.0,0.0
2025-03-06 21:24:15,1,19187,667,b37XX9DP,2,21,3,6,3,0,-0.7071067811865477,0.7071067811865474,6.0,2025-03-06 21:24:15,0.0,2.0,0.0,0.0,0.0,0.0,0.0
2025-03-06 21:24:20,3,19358,965,b61I3577RU,0,21,3,6,3,0,-0.7071067811865477,0.7071067811865474,6.0,2025-03-06 21:24:15,5.0,2.0,2.0,0.0,0.0,0.0,10.0
2025-03-06 21:24:25,2,19138,504,b69P9697KL,0,21,3,6,3,0,-0.7071067811865477,0.7071067811865474,6.0,2025-03-06 21:24:15,10.0,0.0,2.0,2.0,0.0,0.0,5.0
2025-03-06 21:24:30,3,19441,334,b20Q677,2,21,3,6,3,0,-0.7071067811865477,0.7071067811865474,6.0,2025-03-06 21:24:30,0.0,0.0,0.0,2.0,2.0,0.0,0.0
2025-03-06 21:24:35,1,19720,670,b18G8098WV,0,21,3,6,3,0,-0.7071067811865477,0.7071067811865474,6.0,2025-03-06 21:24:30,5.0,2.0,0.0,0.0,2.0,2.0,5.0
2025-03-06 21:24:40,2,19542,173,b35MXXOU,2,21,3,6,3,0,-0.7071067811865477,0.7071067811865474,8.0,2025-03-06 21:24:40,0.0,0.0,2.0,0.0,0.0,2.0,0.0
2025-03-06 21:24:45,2,19588,260,b9XX9TT,2,21,3,6,3,0,-0.7071067811865477,0.7071067811865474,10.0,2025-03-06 21:24:45,0.0,2.0,0.0,2.0,0.0,0.0,0.0
2025-03-06 21:24:50,1,19878,902,b93I7771CX,0,21,3,6,3,0,-0.7071067811865477,0.7071067811865474,10.0,2025-03-06 21:24:45,5.0,2.0,2.0,0.0,2.0,0.0,10.0
2025-03-06 21:24:55,1,19449,447,b78O9402CX,0,21,3,6,3,0,-0.7071067811865477,0.7071067811865474,10.0,2025-03-06 21:24:45,10.0,0.0,2.0,2.0,0.0,2.0,5.0
2025-03-06 21:25:00,2,19543,437,b88MXXAU,2,21,3,6,3,0,-0.7071067811865477,0.7071067811865474,10.0,2025-03-06 21:25:00,0.0,0.0,0.0,2.0,2.0,0.0,0.0
2025-03-06 21:25:05,2,19680,636,b14,2,21,3,6,3,0,-0.7071067811865477,0.7071067811865474,10.0,2025-03-06 21:25:05,0.0,2.0,0.0,0.0,2.0,2.0,0.0
2025-03-06 21:25:10,3,19401,675,b84Q6254XQ,0,21,3,6,3,0,-0.7071067811865477,0.7071067811865474,10.0,2025-03-06 21:25:05,5.0,2.0,2.0,0.0,0.0,2.0,5.0
2025-03-06 21:25:15,3,19184,435,b99UXX2EI,2,21,3,6,3,0,-0.7071067811865477,0.7071067811865474,12.0,2025-03-06 21:25:15,0.0,0.0,2.0,2.0,0.0,0.0,0.0
2025-03-06 21:25:20,3,19223,531,b86G7355XK,0,21,3,6,3,0,-0.7071067811865477,0.7071067811865474,10.0,2025-03-06 21:25:15,5.0,2.0,0.0,2.0,2.0,0.0,10.0
2025-03-06 21:25:25,2,19910,219,b81J6361JT,0,21,3,6,3,0,-0.7071067811865477,0.7071067811865474,10.0,2025-03-06 21:25:15,10.0,0.0,2.0,0.0,2.0,2.0,5.0
2025-03-06 21:25:30,2,19819,324,b91X1,2,21,3,6,3,0,-0.7071067811865477,0.7071067811865474,10.0,2025-03-06 21:25:30,0.0,0.0,0.0,2.0,0.0,2.0,0.0
2025-03-06 21:25:35,2,19801,494,b25G4778KS,0,21,3,6,3,0,-0.7071067811865477,0.7071067811865474,8.0,2025-03-06 21:25:30,5.0,2.0,0.0,0.0,2.0,0.0,30.0
2025-03-06 21:25:40,2,19401,675,b37B6679PJ,0,21,3,6,3,0,-0.7071067811865477,0.7071067811865474,8.0,2025-03-06 21:25:30,10.0,0.0,2.0,0.0,0.0,2.0,25.0
2025-03-06 21:25:45,1,19955,209,b44I8626VO,0,21,3,6,3,0,-0.7071067811865477,0.7071067811865474,8.0,2025-03-06 21:25:30,15.0,0.0,0.0,2.0,0.0,0.0,20.0
2025-03-06 21:25:50,2,19001,339,b73Y9003LL,0,21,3,6,3,0,-0.7071067811865477,0.7071067811865474,6.0,2025-03-06 21:25:30,20.0,0.0,0.0,0.0,2.0,0.0,15.0
2025-03-06 21:25:55,3,19672,617,b76PXX04HE,0,21,3,6,3,0,-0.7071067811865477,0.7071067811865474,4.0,2025-03-06 21:25:30,25.0,0.0,0.0,0.0,0.0,2.0,10.0
2025-03-06 21:26:00,2,19891,442,b29I8864EH,0,21,3,6,3,0,-0.7071067811865477,0.7071067811865474,4.0,2025-03-06 21:25:30,30.0,0.0,0.0,0.0,0.0,0.0,5.0
2025-03-06 21:26:05,1,19093,798,0000000000,1,21,3,6,3,0,-0.7071067811865477,0.7071067811865474,3.0,2025-03-06 21:26:05,0.0,0.0,0.0,0.0,0.0,0.0,0.0
2025-03-06 21:26:10,3,19056,193,b16J9290SD,0,21,3,6,3,0,-0.7071067811865477,0.7071067811865474,3.0,2025-03-06 21:26:05,5.0,1.0,0.0,0.0,0.0,0.0,25.0
2025-03-06 21:26:15,2,19476,881,b90Y4524XX,0,21,3,6,3,0,-0.7071067811865477,0.7071067811865474,3.0,2025-03-06 21:26:05,10.0,0.0,1.0,0.0,0.0,0.0,20.0
2025-03-06 21:26:20,3,19997,745,b25S9064BF,0,21,3,6,3,0,-0.7071067811865477,0.7071067811865474,1.0,2025-03-06 21:26:05,15.0,0.0,0.0,1.0,0.0,0.0,15.0
2025-03-06 21:26:25,2,19362,536,b68Q3293FA,0,21,3,6,3,0,-0.7071067811865477,0.7071067811865474,1.0,2025-03-06 21:26:05,20.0,0.0,0.0,0.0,1.0,0.0,10.0
2025-03-06 21:26:30,3,19641,782,b28A7038LF,0,21,3,6,3,0,-0.7071067811865477,0.7071067811865474,1.0,2025-03-06 21:26:05,25.0,0.0,0.0,0.0,0.0,1.0,5.0
2025-03-06 21:26:35,2,19442,685,b65,2,21,3,6,3,0,-0.7071067811865477,0.7071067811865474,3.0,2025-03-06 21:26:35,0.0,0.0,0.0,0.0,0.0,0.0,0.0
2025-03-06 21:26:40,3,19709,494,b33M1754JB,0,21,3,6,3,0,-0.7071067811865477,0.7071067811865474,3.0,2025-03-06 21:26:35,5.0,2.0,0.0,0.0,0.0,0.0,15.0
2025-03-06 21:26:45,1,19152,541,b94D7749DT,0,21,3,6,3,0,-0.7071067811865477,0.7071067811865474,3.0,2025-03-06 21:26:35,10.0,0.0,2.0,0.0,0.0,0.0,10.0
2025-03-06 21:26:50,3,19213,757,b96E8066NQ,0,21,3,6,3,0,-0.7071067811865477,0.7071067811865474,3.0,2025-03-06 21:26:35,15.0,0.0,0.0,2.0,0.0,0.0,5.0
2025-03-06 21:26:55,3,19246,768,0000000000,1,21,3,6,3,0,-0.7071067811865477,0.7071067811865474,3.0,2025-03-06 21:26:55,0.0,0.0,0.0,0.0,2.0,0.0,0.0
2025-03-06 21:27:00,3,19416,364,b60D6698UG,0,21,3,6,3,0,-0.7071067811865477,0.7071067811865474,3.0,2025-03-06 21:26:55,5.0,1.0,0.0,0.0,0.0,2.0,30.0
2025-03-06 21:27:05,1,19537,104,b30R4213HL,0,21,3,6,3,0,-0.7071067811865477,0.7071067811865474,3.0,2025-03-06 21:26:55,10.0,0.0,1.0,0.0,0.0,0.0,25.0
2025-03-06 21:27:10,2,19033,642,b91I7621UX,0,21,3,6,3,0,-0.7071067811865477,0.7071067811865474,3.0,2025-03-06 21:26:55,15.0,0.0,0.0,1.0,0.0,0.0,20.0
2025-03-06 21:27:15,1,19992,213,b12N1131DI,0,21,3,6,3,0,-0.7071067811865477,0.7071067811865474,3.0,2025-03-06 21:26:55,20.0,0.0,0.0,0.0,1.0,0.0,15.0
2025-03-06 21:27:20,2,19611,854,b14M7329TK,0,21,3,6,3,0,-0.7071067811865477,0.7071067811865474,3.0,2025-03-06 21:26:55,25.0,0.0,0.0,0.0,0.0,1.0,10.0
2025-03-06 21:27:25,3,19420,313,b36M6148EB,0,21,3,6,3,0,-0.7071067811865477,0.7071067811865474,1.0,2025-03-06 21:26:55,30.0,0.0,0.0,0.0,0.0,0.0,5.0
2025-03-06 21:27:30,2,19154,666,0000000000,1,21,3,6,3,0,-0.7071067811865477,0.7071067811865474,2.0,2025-03-06 21:27:30,0.0,0.0,0.0,0.0,0.0,0.0,0.0
2025-03-06 21:27:35,3,19827,829,b57M9817EL,0,21,3,6,3,0,-0.7071067811865477,0.7071067811865474,2.0,2025-03-06 21:27:30,5.0,1.0,0.0,0.0,0.0,0.0,50.0
2025-03-06 21:27:40,3,19434,959,b40W4613PO,0,21,3,6,3,0,-0.7071067811865477,0.7071067811865474,2.0,2025-03-06 21:27:30,10.0,0.0,1.0,0.0,0.0,0.0,45.0
2025-03-06 21:27:45,1,19589,988,b16D4993VP,0,21,3,6,3,0,-0.7071067811865477,0.7071067811865474,1.0,2025-03-06 21:27:30,15.0,0.0,0.0,1.0,0.0,0.0,40.0
2025-03-06 21:27:50,1,19632,624,b83Y3653WQ,0,21,3,6,3,0,-0.7071067811865477,0.7071067811865474,1.0,2025-03-06 21:27:30,20.0,0.0,0.0,0.0,1.0,0.0,35.0
2025-03-06 21:27:55,1,19077,765,b83G8944KL,0,21,3,6,3,0,-0.7071067811865477,0.7071067811865474,1.0,2025-03-06 21:27:30,25.0,0.0,0.0,0.0,0.0,1.0,30.0
2025-03-06 21:28:00,2,19681,455,b74V2635CW,0,21,3,6,3,0,-0.7071067811865477,0.7071067811865474,1.0,2025-03-06 21:27:30,30.0,0.0,0.0,0.0,0.0,0.0,25.0
2025-03-06 21:28:05,1,19145,285,b35V9500BZ,0,21,3,6,3,0,-0.7071067811865477,0.7071067811865474,1.0,2025-03-06 21:27:30,35.0,0.0,0.0,0.0,0.0,0.0,20.0
2025-03-06 21:28:10,2,19722,595,b59M3803EE,0,21,3,6,3,0,-0.7071067811865477,0.7071067811865474,1.0,2025-03-06 21:27:30,40.0,0.0,0.0,0.0,0.0,0.0,15.0
2025-03-06 21:28:15,3,19334,225,b23Q3531DT,0,21,3,6,3,0,-0.7071067811865477,0.7071067811865474,1.0,2025-03-06 21:27:30,45.0,0.0,0.0,0.0,0.0,0.0,10.0
2025-03-06 21:28:20,1,19086,794,b20Q9798XA,0,21,3,6,3,0,-0.7071067811865477,0.7071067811865474,0.0,2025-03-06 21:27:30,50.0,0.0,0.0,0.0,0.0,0.0,5.0
2025-03-06 21:28:25,3,19854,397,b28QXXEB,2,21,3,6,3,0,-0.7071067811865477,0.7071067811865474,2.0,2025-03-06 21:28:25,0.0,0.0,0.0,0.0,0.0,0.0,0.0
2025-03-06 21:28:30,3,19744,852,b70U1316SE,0,21,3,6,3,0,-0.7071067811865477,0.7071067811865474,2.0,2025-03-06 21:28:25,5.0,2.0,0.0,0.0,0.0,0.0,10.0
2025-03-06 21:28:35,3,19728,704,b95H6314ZV,0,21,3,6,3,0,-0.7071067811865477,0.7071067811865474,2.0,2025-03-06 21:28:25,10.0,0.0,2.0,0.0,0.0,0.0,5.0
2025-03-06 21:28:40,3,19748,291,0000000000,1,21,3,6,3,0,-0.7071067811865477,0.7071067811865474,3.0,2025-03-06 21:28:40,0.0,0.0,0.0,2.0,0.0,0.0,0.0
2025-03-06 21:28:45,1,19033,642,b98I1898TE,0,21,3,6,3,0,-0.7071067811865477,0.7071067811865474,3.0,2025-03-06 21:28:40,5.0,1.0,0.0,0.0,2.0,0.0,25.0
2025-03-06 21:28:50,3,19308,431,b21E6820LY,0,21,3,6,3,0,-0.7071067811865477,0.7071067811865474,3.0,2025-03-06 21:28:40,10.0,0.0,1.0,0.0,0.0,2.0,20.0
2025-03-06 21:28:55,3,19325,243,b84C3958ZB,0,21,3,6,3,0,-0.7071067811865477,0.7071067811865474,3.0,2025-03-06 21:28:40,15.0,0.0,0.0,1.0,0.0,0.0,15.0
2025-03-06 21:29:00,1,19747,319,b35G3038IS,0,21,3,6,3,0,-0.7071067811865477,0.7071067811865474,3.0,2025-03-06 21:28:40,20.0,0.0,0.0,0.0,1.0,0.0,10.0
2025-03-06 21:29:05,2,19279,350,b38C8445MK,0,21,3,6,3,0,-0.7071067811865477,0.7071067811865474,3.0,2025-03-06 21:28:40,25.0,0.0,0.0,0.0,0.0,1.0,5.0
2025-03-06 21:29:10,3,19545,707,b63XXMO,2,21,3,6,3,0,-0.7071067811865477,0.7071067811865474,5.0,2025-03-06 21:29:10,0.0,0.0,0.0,0.0,0.0,0.0,0.0
2025-03-06 21:29:15,1,19387,235,b13H2245PI,0,21,3,6,3,0,-0.7071067811865477,0.7071067811865474,3.0,2025-03-06 21:29:10,5.0,2.0,0.0,0.0,0.0,0.0,120.0
2025-03-06 21:29:20,3,19678,305,b44F7782SM,0,21,3,6,3,0,-0.7071067811865477,0.7071067811865474,3.0,2025-03-06 21:29:10,10.0,0.0,2.0,0.0,0.0,0.0,115.0
2025-03-06 21:29:25,3,19293,458,b65W6469PE,0,21,3,6,3,0,-0.7071067811865477,0.7071067811865474,3.0,2025-03-06 21:29:10,15.0,0.0,0.0,2.0,0.0,0.0,110.0
2025-03-06 21:29:30,1,19702,145,b46K7661JG,0,21,3,6,3,0,-0.7071067811865477,0.7071067811865474,2.0,2025-03-06 21:29:10,20.0,0.0,0.0,0.0,2.0,0.0,105.0
2025-03-06 21:29:35,1,19393,845,b92N1138PA,0,21,3,6,3,0,-0.7071067811865477,0.7071067811865474,2.0,2025-03-06 21:29:10,25.0,0.0,0.0,0.0,0.0,2.0,100.0
2025-03-06 21:29:40,3,19538,466,b39H3022AJ,0,21,3,6,3,0,-0.7071067811865477,0.7071067811865474,2.0,2025-03-06 21:29:10,30.0,0.0,0.0,0.0,0.0,0.0,95.0
2025-03-06 21:29:45,1,19546,368,b80E5593GO,0,21,3,6,3,0,-0.7071067811865477,0.7071067811865474,2.0,2025-03-06 21:29:10,35.0,0.0,0.0,0.0,0.0,0.0,90.0
2025-03-06 21:29:50,1,19777,775,b63D2269DH,0,21,3,6,3,0,-0.7071067811865477,0.7071067811865474,2.0,2025-03-06 21:29:10,40.0,0.0,0.0,0.0,0.0,0.0,85.0
2025-03-06 21:29:55,1,19797,667,b85B5920ZV,0,21,3,6,3,0,-0.7071067811865477,0.7071067811865474,2.0,2025-03-06 21:29:10,45.0,0.0,0.0,0.0,0.0,0.0,80.0
2025-03-06 21:30:00,3,19899,172,b15N6276AI,0,21,3,6,3,0,-0.7071067811865477,0.7071067811865474,0.0,2025-03-06 21:29:10,50.0,0.0,0.0,0.0,0.0,0.0,75.0
2025-03-06 21:30:05,3,19257,556,b60M5580JN,0,21,3,6,3,0,-0.7071067811865477,0.7071067811865474,0.0,2025-03-06 21:29:10,55.0,0.0,0.0,0.0,0.0,0.0,70.0
2025-03-06 21:30:10,2,19808,960,b29I1341TB,0,21,3,6,3,0,-0.7071067811865477,0.7071067811865474,0.0,2025-03-06 21:29:10,60.0,0.0,0.0,0.0,0.0,0.0,65.0
2025-03-06 21:30:15,1,19257,556,b26X1846TW,0,21,3,6,3,0,-0.7071067811865477,0.7071067811865474,0.0,2025-03-06 21:29:10,65.0,0.0,0.0,0.0,0.0,0.0,60.0
2025-03-06 21:30:20,2,19430,607,b81B2247OO,0,21,3,6,3,0,-0.7071067811865477,0.7071067811865474,0.0,2025-03-06 21:29:10,70.0,0.0,0.0,0.0,0.0,0.0,55.0
2025-03-06 21:30:25,2,19640,676,b42K3851KP,0,21,3,6,3,0,-0.7071067811865477,0.7071067811865474,0.0,2025-03-06 21:29:10,75.0,0.0,0.0,0.0,0.0,0.0,50.0
2025-03-06 21:30:30,3,19267,994,b77S8425JM,0,21,3,6,3,0,-0.7071067811865477,0.7071067811865474,0.0,2025-03-06 21:29:10,80.0,0.0,0.0,0.0,0.0,0.0,45.0
2025-03-06 21:30:35,3,19522,727,b80I4916GB,0,21,3,6,3,0,-0.7071067811865477,0.7071067811865474,0.0,2025-03-06 21:29:10,85.0,0.0,0.0,0.0,0.0,0.0,40.0
2025-03-06 21:30:40,1,19180,655,b77C7950PU,0,21,3,6,3,0,-0.7071067811865477,0.7071067811865474,0.0,2025-03-06 21:29:10,90.0,0.0,0.0,0.0,0.0,0.0,35.0
2025-03-06 21:30:45,1,19191,376,b40V8002RO,0,21,3,6,3,0,-0.7071067811865477,0.7071067811865474,0.0,2025-03-06 21:29:10,95.0,0.0,0.0,0.0,0.0,0.0,30.0
2025-03-06 21:30:50,1,19870,191,b95O7349WU,0,21,3,6,3,0,-0.7071067811865477,0.7071067811865474,0.0,2025-03-06 21:29:10,100.0,0.0,0.0,0.0,0.0,0.0,25.0
2025-03-06 21:30:55,1,19992,213,b10A5928KZ,0,21,3,6,3,0,-0.7071067811865477,0.7071067811865474,0.0,2025-03-06 21:29:10,105.0,0.0,0.0,0.0,0.0,0.0,20.0
2025-03-06 21:31:00,2,19033,642,b98I1898TE,0,21,3,6,3,0,-0.7071067811865477,0.7071067811865474,0.0,2025-03-06 21:29:10,110.0,0.0,0.0,0.0,0.0,0.0,15.0
2025-03-06 21:31:05,1,19063,275,b38N9828QA,0,21,3,6,3,0,-0.7071067811865477,0.7071067811865474,0.0,2025-03-06 21:29:10,115.0,0.0,0.0,0.0,0.0,0.0,10.0
2025-03-06 21:31:10,2,19681,455,b35M7766JT,0,21,3,6,3,0,-0.7071067811865477,0.7071067811865474,0.0,2025-03-06 21:29:10,120.0,0.0,0.0,0.0,0.0,0.0,5.0
2025-03-06 21:31:15,3,19351,101,bXX2FU,2,21,3,6,3,0,-0.7071067811865477,0.7071067811865474,2.0,2025-03-06 21:31:15,0.0,0.0,0.0,0.0,0.0,0.0,0.0
2025-03-06 21:31:20,2,19775,902,b57Z6977DM,0,21,3,6,3,0,-0.7071067811865477,0.7071067811865474,2.0,2025-03-06 21:31:15,5.0,2.0,0.0,0.0,0.0,0.0,10.0
2025-03-06 21:31:25,1,19293,458,b65W6469PE,0,21,3,6,3,0,-0.7071067811865477,0.7071067811865474,2.0,2025-03-06 21:31:15,10.0,0.0,2.0,0.0,0.0,0.0,5.0
2025-03-06 21:31:30,2,19904,208,b68B520,2,21,3,6,3,0,-0.7071067811865477,0.7071067811865474,4.0,2025-03-06 21:31:30,0.0,0.0,0.0,2.0,0.0,0.0,0.0
2025-03-06 21:31:35,2,19146,718,b27L1588EL,0,21,3,6,3,0,-0.7071067811865477,0.7071067811865474,4.0,2025-03-06 21:31:30,5.0,2.0,0.0,0.0,2.0,0.0,20.0
2025-03-06 21:31:40,1,19753,289,b62G6650WF,0,21,3,6,3,0,-0.7071067811865477,0.7071067811865474,4.0,2025-03-06 21:31:30,10.0,0.0,2.0,0.0,0.0,2.0,15.0
2025-03-06 21:31:45,3,19538,466,b58E8886OC,0,21,3,6,3,0,-0.7071067811865477,0.7071067811865474,4.0,2025-03-06 21:31:30,15.0,0.0,0.0,2.0,0.0,0.0,10.0
2025-03-06 21:31:50,2,19059,754,b23L2566HI,0,21,3,6,3,0,-0.7071067811865477,0.7071067811865474,4.0,2025-03-06 21:31:30,20.0,0.0,0.0,0.0,2.0,0.0,5.0
2025-03-06 21:31:55,1,19168,693,0000000000,1,21,3,6,3,0,-0.7071067811865477,0.7071067811865474,5.0,2025-03-06 21:31:55,0.0,0.0,0.0,0.0,0.0,2.0,0.0
2025-03-06 21:32:00,3,19878,902,b97T4339HY,0,21,3,6,3,0,-0.7071067811865477,0.7071067811865474,5.0,2025-03-06 21:31:55,5.0,1.0,0.0,0.0,0.0,0.0,65.0
2025-03-06 21:32:05,1,19753,289,b76T9381ZZ,0,21,3,6,3,0,-0.7071067811865477,0.7071067811865474,3.0,2025-03-06 21:31:55,10.0,0.0,1.0,0.0,0.0,0.0,60.0
2025-03-06 21:32:10,1,19469,243,b29I9072ZF,0,21,3,6,3,0,-0.7071067811865477,0.7071067811865474,3.0,2025-03-06 21:31:55,15.0,0.0,0.0,1.0,0.0,0.0,55.0
2025-03-06 21:32:15,3,19531,981,b78D8737OD,0,21,3,6,3,0,-0.7071067811865477,0.7071067811865474,3.0,2025-03-06 21:31:55,20.0,0.0,0.0,0.0,1.0,0.0,50.0
2025-03-06 21:32:20,3,19479,351,b25M3979IV,0,21,3,6,3,0,-0.7071067811865477,0.7071067811865474,1.0,2025-03-06 21:31:55,25.0,0.0,0.0,0.0,0.0,1.0,45.0
2025-03-06 21:32:25,1,19354,244,b32G6573XH,0,21,3,6,3,0,-0.7071067811865477,0.7071067811865474,1.0,2025-03-06 21:31:55,30.0,0.0,0.0,0.0,0.0,0.0,40.0
2025-03-06 21:32:30,3,19939,207,b18W6577FC,0,21,3,6,3,0,-0.7071067811865477,0.7071067811865474,1.0,2025-03-06 21:31:55,35.0,0.0,0.0,0.0,0.0,0.0,35.0
2025-03-06 21:32:35,3,19416,364,b26X1670UZ,0,21,3,6,3,0,-0.7071067811865477,0.7071067811865474,1.0,2025-03-06 21:31:55,40.0,0.0,0.0,0.0,0.0,0.0,30.0
2025-03-06 21:32:40,3,19225,476,b21E9888QF,0,21,3,6,3,0,-0.7071067811865477,0.7071067811865474,1.0,2025-03-06 21:31:55,45.0,0.0,0.0,0.0,0.0,0.0,25.0
2025-03-06 21:32:45,2,19631,693,b99S4470DL,0,21,3,6,3,0,-0.7071067811865477,0.7071067811865474,0.0,2025-03-06 21:31:55,50.0,0.0,0.0,0.0,0.0,0.0,20.0
2025-03-06 21:32:50,2,19709,494,b27H8236DA,0,21,3,6,3,0,-0.7071067811865477,0.7071067811865474,0.0,2025-03-06 21:31:55,55.0,0.0,0.0,0.0,0.0,0.0,15.0
2025-03-06 21:32:55,3,19417,453,b88B6429CP,0,21,3,6,3,0,-0.7071067811865477,0.7071067811865474,0.0,2025-03-06 21:31:55,60.0,0.0,0.0,0.0,0.0,0.0,10.0
2025-03-06 21:33:00,1,19659,784,b14K3757IC,0,21,3,6,3,0,-0.7071067811865477,0.7071067811865474,0.0,2025-03-06 21:31:55,65.0,0.0,0.0,0.0,0.0,0.0,5.0
2025-03-06 21:33:05,3,19356,600,0000000000,1,21,3,6,3,0,-0.7071067811865477,0.7071067811865474,1.0,2025-03-06 21:33:05,0.0,0.0,0.0,0.0,0.0,0.0,0.0
2025-03-06 21:33:10,3,19311,996,b55Y7652OM,0,21,3,6,3,0,-0.7071067811865477,0.7071067811865474,1.0,2025-03-06 21:33:05,5.0,1.0,0.0,0.0,0.0,0.0,5.0
2025-03-06 21:33:15,1,19273,383,b21Z7,2,21,3,6,3,0,-0.7071067811865477,0.7071067811865474,3.0,2025-03-06 21:33:15,0.0,0.0,1.0,0.0,0.0,0.0,0.0
2025-03-06 21:33:20,1,19524,282,b31K8754AC,0,21,3,6,3,0,-0.7071067811865477,0.7071067811865474,3.0,2025-03-06 21:33:15,5.0,2.0,0.0,1.0,0.0,0.0,15.0
2025-03-06 21:33:25,1,19848,158,b21X7022IN,0,21,3,6,3,0,-0.7071067811865477,0.7071067811865474,3.0,2025-03-06 21:33:15,10.0,0.0,2.0,0.0,1.0,0.0,10.0
2025-03-06 21:33:30,1,19101,606,b24N5846ZW,0,21,3,6,3,0,-0.7071067811865477,0.7071067811865474,3.0,2025-03-06 21:33:15,15.0,0.0,0.0,2.0,0.0,1.0,5.0
2025-03-06 21:33:35,3,19241,445,b5XXMP,2,21,3,6,3,0,-0.7071067811865477,0.7071067811865474,5.0,2025-03-06 21:33:35,0.0,0.0,0.0,0.0,2.0,0.0,0.0
2025-03-06 21:33:40,1,19870,191,b95O7349WU,0,21,3,6,3,0,-0.7071067811865477,0.7071067811865474,5.0,2025-03-06 21:33:35,5.0,2.0,0.0,0.0,0.0,2.0,30.0
2025-03-06 21:33:45,3,19335,492,b51G9501PZ,0,21,3,6,3,0,-0.7071067811865477,0.7071067811865474,5.0,2025-03-06 21:33:35,10.0,0.0,2.0,0.0,0.0,0.0,25.0
2025-03-06 21:33:50,2,19584,197,b61M6573RA,0,21,3,6,3,0,-0.7071067811865477,0.7071067811865474,5.0,2025-03-06 21:33:35,15.0,0.0,0.0,2.0,0.0,0.0,20.0
2025-03-06 21:33:55,3,19387,235,b21M7528RK,0,21,3,6,3,0,-0.7071067811865477,0.7071067811865474,4.0,2025-03-06 21:33:35,20.0,0.0,0.0,0.0,2.0,0.0,15.0
2025-03-06 21:34:00,1,19236,988,b88A5364CJ,0,21,3,6,3,0,-0.7071067811865477,0.7071067811865474,4.0,2025-03-06 21:33:35,25.0,0.0,0.0,0.0,0.0,2.0,10.0
2025-03-06 21:34:05,3,19100,908,b63D1595GT,0,21,3,6,3,0,-0.7071067811865477,0.7071067811865474,2.0,2025-03-06 21:33:35,30.0,0.0,0.0,0.0,0.0,0.0,5.0
2025-03-06 21:34:10,2,19850,869,b44J591,2,21,3,6,3,0,-0.7071067811865477,0.7071067811865474,4.0,2025-03-06 21:34:10,0.0,0.0,0.0,0.0,0.0,0.0,0.0
2025-03-06 21:34:15,1,19958,211,b73R2569DV,0,21,3,6,3,0,-0.7071067811865477,0.7071067811865474,4.0,2025-03-06 21:34:10,5.0,2.0,0.0,0.0,0.0,0.0,15.0
2025-03-06 21:34:20,1,19673,231,b60K1649YJ,0,21,3,6,3,0,-0.7071067811865477,0.7071067811865474,4.0,2025-03-06 21:34:10,10.0,0.0,2.0,0.0,0.0,0.0,10.0
2025-03-06 21:34:25,1,19013,482,b38P8485XP,0,21,3,6,3,0,-0.7071067811865477,0.7071067811865474,2.0,2025-03-06 21:34:10,15.0,0.0,0.0,2.0,0.0,0.0,5.0
2025-03-06 21:34:30,3,19618,790,b71XX2DF,2,21,3,6,3,0,-0.7071067811865477,0.7071067811865474,4.0,2025-03-06 21:34:30,0.0,0.0,0.0,0.0,2.0,0.0,0.0
2025-03-06 21:34:35,2,19733,822,b74C5817HG,0,21,3,6,3,0,-0.7071067811865477,0.7071067811865474,4.0,2025-03-06 21:34:30,5.0,2.0,0.0,0.0,0.0,2.0,65.0
2025-03-06 21:34:40,3,19709,494,b60W9276WK,0,21,3,6,3,0,-0.7071067811865477,0.7071067811865474,4.0,2025-03-06 21:34:30,10.0,0.0,2.0,0.0,0.0,0.0,60.0
2025-03-06 21:34:45,1,19635,624,b32X5114WL,0,21,3,6,3,0,-0.7071067811865477,0.7071067811865474,4.0,2025-03-06 21:34:30,15.0,0.0,0.0,2.0,0.0,0.0,55.0
2025-03-06 21:34:50,1,19633,890,b85O3152MI,0,21,3,6,3,0,-0.7071067811865477,0.7071067811865474,4.0,2025-03-06 21:34:30,20.0,0.0,0.0,0.0,2.0,0.0,50.0
2025-03-06 21:34:55,1,19154,666,b41F2289MN,0,21,3,6,3,0,-0.7071067811865477,0.7071067811865474,4.0,2025-03-06 21:34:30,25.0,0.0,0.0,0.0,0.0,2.0,45.0
2025-03-06 21:35:00,3,19929,590,b80E5579UG,0,21,3,6,3,0,-0.7071067811865477,0.7071067811865474,2.0,2025-03-06 21:34:30,30.0,0.0,0.0,0.0,0.0,0.0,40.0
2025-03-06 21:35:05,2,19174,738,b57R3906OE,0,21,3,6,3,0,-0.7071067811865477,0.7071067811865474,2.0,2025-03-06 21:34:30,35.0,0.0,0.0,0.0,0.0,0.0,35.0
2025-03-06 21:35:10,2,19271,406,b37Z4043QB,0,21,3,6,3,0,-0.7071067811865477,0.7071067811865474,2.0,2025-03-06 21:34:30,40.0,0.0,0.0,0.0,0.0,0.0,30.0
2025-03-06 21:35:15,3,19504,194,b91B2353ZZ,0,21,3,6,3,0,-0.7071067811865477,0.7071067811865474,2.0,2025-03-06 21:34:30,45.0,0.0,0.0,0.0,0.0,0.0,25.0
2025-03-06 21:35:20,2,19429,597,b97F1870NL,0,21,3,6,3,0,-0.7071067811865477,0.7071067811865474,0.0,2025-03-06 21:34:30,50.0,0.0,0.0,0.0,0.0,0.0,20.0
2025-03-06 21:35:25,2,19922,835,b24A4848IS,0,21,3,6,3,0,-0.7071067811865477,0.7071067811865474,0.0,2025-03-06 21:34:30,55.0,0.0,0.0,0.0,0.0,0.0,15.0
2025-03-06 21:35:30,3,19094,542,b59U5226GM,0,21,3,6,3,0,-0.7071067811865477,0.7071067811865474,0.0,2025-03-06 21:34:30,60.0,0.0,0.0,0.0,0.0,0.0,10.0
2025-03-06 21:35:35,2,19269,730,b90F4477XY,0,21,3,6,3,0,-0.7071067811865477,0.7071067811865474,0.0,2025-03-06 21:34:30,65.0,0.0,0.0,0.0,0.0,0.0,5.0
2025-03-06 21:35:40,3,19558,894,0000000000,1,21,3,6,3,0,-0.7071067811865477,0.7071067811865474,1.0,2025-03-06 21:35:40,0.0,0.0,0.0,0.0,0.0,0.0,0.0
2025-03-06 21:35:45,2,19895,350,b17E7574LW,0,21,3,6,3,0,-0.7071067811865477,0.7071067811865474,1.0,2025-03-06 21:35:40,5.0,1.0,0.0,0.0,0.0,0.0,30.0
2025-03-06 21:35:50,3,19828,137,b59S8775OG,0,21,3,6,3,0,-0.7071067811865477,0.7071067811865474,1.0,2025-03-06 21:35:40,10.0,0.0,1.0,0.0,0.0,0.0,25.0
2025-03-06 21:35:55,3,19693,577,b48V6417LP,0,21,3,6,3,0,-0.7071067811865477,0.7071067811865474,1.0,2025-03-06 21:35:40,15.0,0.0,0.0,1.0,0.0,0.0,20.0
2025-03-06 21:36:00,1,19990,928,b50S5904KA,0,21,3,6,3,0,-0.7071067811865477,0.7071067811865474,1.0,2025-03-06 21:35:40,20.0,0.0,0.0,0.0,1.0,0.0,15.0
2025-03-06 21:36:05,2,19013,482,b77W4193TT,0,21,3,6,3,0,-0.7071067811865477,0.7071067811865474,1.0,2025-03-06 21:35:40,25.0,0.0,0.0,0.0,0.0,1.0,10.0
2025-03-06 21:36:10,1,19223,531,b70U2151LP,0,21,3,6,3,0,-0.7071067811865477,0.7071067811865474,1.0,2025-03-06 21:35:40,30.0,0.0,0.0,0.0,0.0,0.0,5.0
2025-03-06 21:36:15,2,19672,617,0000000000,1,21,3,6,3,0,-0.7071067811865477,0.7071067811865474,2.0,2025-03-06 21:36:15,0.0,0.0,0.0,0.0,0.0,0.0,0.0
2025-03-06 21:36:20,1,19338,220,b24N6321HY,0,21,3,6,3,0,-0.7071067811865477,0.7071067811865474,2.0,2025-03-06 21:36:15,5.0,1.0,0.0,0.0,0.0,0.0,40.0
2025-03-06 21:36:25,3,19863,636,b96A1545NX,0,21,3,6,3,0,-0.7071067811865477,0.7071067811865474,2.0,2025-03-06 21:36:15,10.0,0.0,1.0,0.0,0.0,0.0,35.0
2025-03-06 21:36:30,1,19819,324,b57S2202VI,0,21,3,6,3,0,-0.7071067811865477,0.7071067811865474,1.0,2025-03-06 21:36:15,15.0,0.0,0.0,1.0,0.0,0.0,30.0
2025-03-06 21:36:35,3,19773,711,b30Q9276XG,0,21,3,6,3,0,-0.7071067811865477,0.7071067811865474,1.0,2025-03-06 21:36:15,20.0,0.0,0.0,0.0,1.0,0.0,25.0
2025-03-06 21:36:40,1,19886,524,b84S6586EQ,0,21,3,6,3,0,-0.7071067811865477,0.7071067811865474,1.0,2025-03-06 21:36:15,25.0,0.0,0.0,0.0,0.0,1.0,20.0
2025-03-06 21:36:45,1,19309,560,b98T6688PX,0,21,3,6,3,0,-0.7071067811865477,0.7071067811865474,1.0,2025-03-06 21:36:15,30.0,0.0,0.0,0.0,0.0,0.0,15.0
2025-03-06 21:36:50,2,19909,578,b52K8607OU,0,21,3,6,3,0,-0.7071067811865477,0.7071067811865474,1.0,2025-03-06 21:36:15,35.0,0.0,0.0,0.0,0.0,0.0,10.0
2025-03-06 21:36:55,3,19824,960,b27F3860PS,0,21,3,6,3,0,-0.7071067811865477,0.7071067811865474,1.0,2025-03-06 21:36:15,40.0,0.0,0.0,0.0,0.0,0.0,5.0
2025-03-06 21:37:00,3,19097,862,b38X9898,2,21,3,6,3,0,-0.7071067811865477,0.7071067811865474,3.0,2025-03-06 21:37:00,0.0,0.0,0.0,0.0,0.0,0.0,0.0
2025-03-06 21:37:05,2,19809,858,b38E7340QS,0,21,3,6,3,0,-0.7071067811865477,0.7071067811865474,2.0,2025-03-06 21:37:00,5.0,2.0,0.0,0.0,0.0,0.0,40.0
2025-03-06 21:37:10,2,19595,542,b43E1731CQ,0,21,3,6,3,0,-0.7071067811865477,0.7071067811865474,2.0,2025-03-06 21:37:00,10.0,0.0,2.0,0.0,0.0,0.0,35.0
2025-03-06 21:37:15,2,19857,438,b88N7074WP,0,21,3,6,3,0,-0.7071067811865477,0.7071067811865474,2.0,2025-03-06 21:37:00,15.0,0.0,0.0,2.0,0.0,0.0,30.0
2025-03-06 21:37:20,1,19850,869,b87M8505FW,0,21,3,6,3,0,-0.7071067811865477,0.7071067811865474,2.0,2025-03-06 21:37:00,20.0,0.0,0.0,0.0,2.0,0.0,25.0
2025-03-06 21:37:25,1,19278,998,b97R7616SF,0,21,3,6,3,0,-0.7071067811865477,0.7071067811865474,2.0,2025-03-06 21:37:00,25.0,0.0,0.0,0.0,0.0,2.0,20.0
2025-03-06 21:37:30,2,19430,607,b30H3366HW,0,21,3,6,3,0,-0.7071067811865477,0.7071067811865474,2.0,2025-03-06 21:37:00,30.0,0.0,0.0,0.0,0.0,0.0,15.0
2025-03-06 21:37:35,1,19240,698,b90F5186EB,0,21,3,6,3,0,-0.7071067811865477,0.7071067811865474,2.0,2025-03-06 21:37:00,35.0,0.0,0.0,0.0,0.0,0.0,10.0
2025-03-06 21:37:40,2,19958,211,b47T2113TP,0,21,3,6,3,0,-0.7071067811865477,0.7071067811865474,2.0,2025-03-06 21:37:00,40.0,0.0,0.0,0.0,0.0,0.0,5.0
2025-03-06 21:37:45,2,19726,641,0000000000,1,21,3,6,3,0,-0.7071067811865477,0.7071067811865474,3.0,2025-03-06 21:37:45,0.0,0.0,0.0,0.0,0.0,0.0,0.0
2025-03-06 21:37:50,3,19866,569,b58Q3664,2,21,3,6,3,0,-0.7071067811865477,0.7071067811865474,3.0,2025-03-06 21:37:50,0.0,1.0,0.0,0.0,0.0,0.0,0.0
2025-03-06 21:37:55,3,19077,765,b65O2023XU,0,21,3,6,3,0,-0.7071067811865477,0.7071067811865474,3.0,2025-03-06 21:37:50,5.0,2.0,1.0,0.0,0.0,0.0,10.0
2025-03-06 21:38:00,1,19635,624,b88F8188BK,0,21,3,6,3,0,-0.7071067811865477,0.7071067811865474,3.0,2025-03-06 21:37:50,10.0,0.0,2.0,1.0,0.0,0.0,5.0
2025-03-06 21:38:05,2,19658,247,b96T270,2,21,3,6,3,0,-0.7071067811865477,0.7071067811865474,5.0,2025-03-06 21:38:05,0.0,0.0,0.0,2.0,1.0,0.0,0.0
2025-03-06 21:38:10,2,19244,977,b29B5356UJ,0,21,3,6,3,0,-0.7071067811865477,0.7071067811865474,5.0,2025-03-06 21:38:05,5.0,2.0,0.0,0.0,2.0,1.0,10.0
2025-03-06 21:38:15,2,19279,350,b38C8445MK,0,21,3,6,3,0,-0.7071067811865477,0.7071067811865474,5.0,2025-03-06 21:38:05,10.0,0.0,2.0,0.0,0.0,2.0,5.0
2025-03-06 21:38:20,3,19693,577,0000000000,1,21,3,6,3,0,-0.7071067811865477,0.7071067811865474,6.0,2025-03-06 21:38:20,0.0,0.0,0.0,2.0,0.0,0.0,0.0
2025-03-06 21:38:25,1,19417,453,b35K8778GL,0,21,3,6,3,0,-0.7071067811865477,0.7071067811865474,6.0,2025-03-06 21:38:20,5.0,1.0,0.0,0.0,2.0,0.0,15.0
2025-03-06 21:38:30,1,19371,968,b57K2163HZ,0,21,3,6,3,0,-0.7071067811865477,0.7071067811865474,6.0,2025-03-06 21:38:20,10.0,0.0,1.0,0.0,0.0,2.0,10.0
2025-03-06 21:38:35,3,19181,954,b51T7915LG,0,21,3,6,3,0,-0.7071067811865477,0.7071067811865474,5.0,2025-03-06 21:38:20,15.0,0.0,0.0,1.0,0.0,0.0,5.0
2025-03-06 21:38:40,3,19956,558,b27BXXFM,2,21,3,6,3,0,-0.7071067811865477,0.7071067811865474,5.0,2025-03-06 21:38:40,0.0,0.0,0.0,0.0,1.0,0.0,0.0
2025-03-06 21:38:45,1,19470,935,b27P5780KV,0,21,3,6,3,0,-0.7071067811865477,0.7071067811865474,5.0,2025-03-06 21:38:40,5.0,2.0,0.0,0.0,0.0,1.0,10.0
2025-03-06 21:38:50,1,19389,998,b13I6682WH,0,21,3,6,3,0,-0.7071067811865477,0.7071067811865474,5.0,2025-03-06 21:38:40,10.0,0.0,2.0,0.0,0.0,0.0,5.0
2025-03-06 21:38:55,2,19753,289,b12X975,2,21,3,6,3,0,-0.7071067811865477,0.7071067811865474,5.0,2025-03-06 21:38:55,0.0,0.0,0.0,2.0,0.0,0.0,0.0
2025-03-06 21:39:00,1,19146,718,b29G8657VN,0,21,3,6,3,0,-0.7071067811865477,0.7071067811865474,5.0,2025-03-06 21:38:55,5.0,2.0,0.0,0.0,2.0,0.0,20.0
2025-03-06 21:39:05,2,19740,299,b42C3117QC,0,21,3,6,3,0,-0.7071067811865477,0.7071067811865474,5.0,2025-03-06 21:38:55,10.0,0.0,2.0,0.0,0.0,2.0,15.0
2025-03-06 21:39:10,3,19441,334,b99Q6691IV,0,21,3,6,3,0,-0.7071067811865477,0.7071067811865474,4.0,2025-03-06 21:38:55,15.0,0.0,0.0,2.0,0.0,0.0,10.0
2025-03-06 21:39:15,3,19153,241,b94O8964WS,0,21,3,6,3,0,-0.7071067811865477,0.7071067811865474,4.0,2025-03-06 21:38:55,20.0,0.0,0.0,0.0,2.0,0.0,5.0
2025-03-06 21:39:20,3,19241,445,0000000000,1,21,3,6,3,0,-0.7071067811865477,0.7071067811865474,5.0,2025-03-06 21:39:20,0.0,0.0,0.0,0.0,0.0,2.0,0.0
2025-03-06 21:39:25,1,19985,869,b10J8848NW,0,21,3,6,3,0,-0.7071067811865477,0.7071067811865474,5.0,2025-03-06 21:39:20,5.0,1.0,0.0,0.0,0.0,0.0,60.0
2025-03-06 21:39:30,2,19277,610,b30T1352YX,0,21,3,6,3,0,-0.7071067811865477,0.7071067811865474,3.0,2025-03-06 21:39:20,10.0,0.0,1.0,0.0,0.0,0.0,55.0
2025-03-06 21:39:35,3,19175,616,b79G8708RH,0,21,3,6,3,0,-0.7071067811865477,0.7071067811865474,3.0,2025-03-06 21:39:20,15.0,0.0,0.0,1.0,0.0,0.0,50.0
2025-03-06 21:39:40,2,19929,590,b21AXX54UD,0,21,3,6,3,0,-0.7071067811865477,0.7071067811865474,3.0,2025-03-06 21:39:20,20.0,0.0,0.0,0.0,1.0,0.0,45.0
2025-03-06 21:39:45,3,19679,412,b72B1983RB,0,21,3,6,3,0,-0.7071067811865477,0.7071067811865474,1.0,2025-03-06 21:39:20,25.0,0.0,0.0,0.0,0.0,1.0,40.0
2025-03-06 21:39:50,1,19111,611,b61N6146SV,0,21,3,6,3,0,-0.7071067811865477,0.7071067811865474,1.0,2025-03-06 21:39:20,30.0,0.0,0.0,0.0,0.0,0.0,35.0
2025-03-06 21:39:55,3,19807,558,b41A8384AK,0,21,3,6,3,0,-0.7071067811865477,0.7071067811865474,1.0,2025-03-06 21:39:20,35.0,0.0,0.0,0.0,0.0,0.0,30.0
2025-03-06 21:40:00,3,19004,353,b36N1502AS,0,21,3,6,3,0,-0.7071067811865477,0.7071067811865474,1.0,2025-03-06 21:39:20,40.0,0.0,0.0,0.0,0.0,0.0,25.0
2025-03-06 21:40:05,2,19589,988,b27U4394BK,0,21,3,6,3,0,-0.7071067811865477,0.7071067811865474,1.0,2025-03-06 21:39:20,45.0,0.0,0.0,0.0,0.0,0.0,20.0
2025-03-06 21:40:10,2,19825,489,b31X9231EM,0,21,3,6,3,0,-0.7071067811865477,0.7071067811865474,0.0,2025-03-06 21:39:20,50.0,0.0,0.0,0.0,0.0,0.0,15.0
2025-03-06 21:40:15,2,19528,867,b46P8160NL,0,21,3,6,3,0,-0.7071067811865477,0.7071067811865474,0.0,2025-03-06 21:39:20,55.0,0.0,0.0,0.0,0.0,0.0,10.0
2025-03-06 21:40:20,3,19546,368,b25F3552UH,0,21,3,6,3,0,-0.7071067811865477,0.7071067811865474,0.0,2025-03-06 21:39:20,60.0,0.0,0.0,0.0,0.0,0.0,5.0
2025-03-06 21:40:25,2,19216,882,0000000000,1,21,3,6,3,0,-0.7071067811865477,0.7071067811865474,1.0,2025-03-06 21:40:25,0.0,0.0,0.0,0.0,0.0,0.0,0.0
2025-03-06 21:40:30,1,19153,241,b31U4282CS,0,21,3,6,3,0,-0.7071067811865477,0.7071067811865474,1.0,2025-03-06 21:40:25,5.0,1.0,0.0,0.0,0.0,0.0,105.0
2025-03-06 21:40:35,2,19191,376,b29H6592IR,0,21,3,6,3,0,-0.7071067811865477,0.7071067811865474,1.0,2025-03-06 21:40:25,10.0,0.0,1.0,0.0,0.0,0.0,100.0
2025-03-06 21:40:40,3,19363,871,b62R5598LH,0,21,3,6,3,0,-0.7071067811865477,0.7071067811865474,1.0,2025-03-06 21:40:25,15.0,0.0,0.0,1.0,0.0,0.0,95.0
2025-03-06 21:40:45,2,19518,395,b16K6917VE,0,21,3,6,3,0,-0.7071067811865477,0.7071067811865474,1.0,2025-03-06 21:40:25,20.0,0.0,0.0,0.0,1.0,0.0,90.0
2025-03-06 21:40:50,3,19150,681,b37F5334MR,0,21,3,6,3,0,-0.7071067811865477,0.7071067811865474,1.0,2025-03-06 21:40:25,25.0,0.0,0.0,0.0,0.0,1.0,85.0
2025-03-06 21:40:55,2,19041,412,b37U5885PJ,0,21,3,6,3,0,-0.7071067811865477,0.7071067811865474,1.0,2025-03-06 21:40:25,30.0,0.0,0.0,0.0,0.0,0.0,80.0
2025-03-06 21:41:00,2,19869,856,b29M2441EL,0,21,3,6,3,0,-0.7071067811865477,0.7071067811865474,1.0,2025-03-06 21:40:25,35.0,0.0,0.0,0.0,0.0,0.0,75.0
2025-03-06 21:41:05,1,19924,983,b63C5663DN,0,21,3,6,3,0,-0.7071067811865477,0.7071067811865474,1.0,2025-03-06 21:40:25,40.0,0.0,0.0,0.0,0.0,0.0,70.0
2025-03-06 21:41:10,1,19338,220,b82U3744KN,0,21,3,6,3,0,-0.7071067811865477,0.7071067811865474,1.0,2025-03-06 21:40:25,45.0,0.0,0.0,0.0,0.0,0.0,65.0
2025-03-06 21:41:15,1,19583,704,b23N9638HX,0,21,3,6,3,0,-0.7071067811865477,0.7071067811865474,0.0,2025-03-06 21:40:25,50.0,0.0,0.0,0.0,0.0,0.0,60.0
2025-03-06 21:41:20,3,19391,750,b16H9468WB,0,21,3,6,3,0,-0.7071067811865477,0.7071067811865474,0.0,2025-03-06 21:40:25,55.0,0.0,0.0,0.0,0.0,0.0,55.0
2025-03-06 21:41:25,1,19189,632,b79S6705WG,0,21,3,6,3,0,-0.7071067811865477,0.7071067811865474,0.0,2025-03-06 21:40:25,60.0,0.0,0.0,0.0,0.0,0.0,50.0
2025-03-06 21:41:30,1,19248,343,b72V7730DN,0,21,3,6,3,0,-0.7071067811865477,0.7071067811865474,0.0,2025-03-06 21:40:25,65.0,0.0,0.0,0.0,0.0,0.0,45.0
2025-03-06 21:41:35,2,19035,684,b95B5558HR,0,21,3,6,3,0,-0.7071067811865477,0.7071067811865474,0.0,2025-03-06 21:40:25,70.0,0.0,0.0,0.0,0.0,0.0,40.0
2025-03-06 21:41:40,3,19329,940,b91F3854WH,0,21,3,6,3,0,-0.7071067811865477,0.7071067811865474,0.0,2025-03-06 21:40:25,75.0,0.0,0.0,0.0,0.0,0.0,35.0
2025-03-06 21:41:45,2,19976,227,b22W7597AS,0,21,3,6,3,0,-0.7071067811865477,0.7071067811865474,0.0,2025-03-06 21:40:25,80.0,0.0,0.0,0.0,0.0,0.0,30.0
2025-03-06 21:41:50,2,19640,676,b24Y3792LQ,0,21,3,6,3,0,-0.7071067811865477,0.7071067811865474,0.0,2025-03-06 21:40:25,85.0,0.0,0.0,0.0,0.0,0.0,25.0
2025-03-06 21:41:55,3,19358,965,b61I3577RU,0,21,3,6,3,0,-0.7071067811865477,0.7071067811865474,0.0,2025-03-06 21:40:25,90.0,0.0,0.0,0.0,0.0,0.0,20.0
2025-03-06 21:42:00,2,19889,207,b97M1973PK,0,21,3,6,3,0,-0.7071067811865477,0.7071067811865474,0.0,2025-03-06 21:40:25,95.0,0.0,0.0,0.0,0.0,0.0,15.0
2025-03-06 21:42:05,3,19150,681,b98X8279SN,0,21,3,6,3,0,-0.7071067811865477,0.7071067811865474,0.0,2025-03-06 21:40:25,100.0,0.0,0.0,0.0,0.0,0.0,10.0
2025-03-06 21:42:10,1,19958,211,b97B8081FV,0,21,3,6,3,0,-0.7071067811865477,0.7071067811865474,0.0,2025-03-06 21:40:25,105.0,0.0,0.0,0.0,0.0,0.0,5.0
2025-03-06 21:42:15,3,19252,724,bXXPS,2,21,3,6,3,0,-0.7071067811865477,0.7071067811865474,2.0,2025-03-06 21:42:15,0.0,0.0,0.0,0.0,0.0,0.0,0.0
2025-03-06 21:42:20,2,19850,869,b21E5206TZ,0,21,3,6,3,0,-0.7071067811865477,0.7071067811865474,2.0,2025-03-06 21:42:15,5.0,2.0,0.0,0.0,0.0,0.0,5.0
2025-03-06 21:42:25,1,19596,397,0000000000,1,21,3,6,3,0,-0.7071067811865477,0.7071067811865474,3.0,2025-03-06 21:42:25,0.0,0.0,2.0,0.0,0.0,0.0,0.0
2025-03-06 21:42:30,3,19251,133,b82K1339KX,0,21,3,6,3,0,-0.7071067811865477,0.7071067811865474,3.0,2025-03-06 21:42:25,5.0,1.0,0.0,2.0,0.0,0.0,5.0
2025-03-06 21:42:35,3,19757,598,b34XX79XS,2,21,3,6,3,0,-0.7071067811865477,0.7071067811865474,5.0,2025-03-06 21:42:35,0.0,0.0,1.0,0.0,2.0,0.0,0.0
2025-03-06 21:42:40,2,19281,912,b70N5056JN,0,21,3,6,3,0,-0.7071067811865477,0.7071067811865474,5.0,2025-03-06 21:42:35,5.0,2.0,0.0,1.0,0.0,2.0,55.0
2025-03-06 21:42:45,1,19773,711,b99R1323HA,0,21,3,6,3,0,-0.7071067811865477,0.7071067811865474,5.0,2025-03-06 21:42:35,10.0,0.0,2.0,0.0,1.0,0.0,50.0
2025-03-06 21:42:50,1,19095,545,b11V9680QG,0,21,3,6,3,0,-0.7071067811865477,0.7071067811865474,5.0,2025-03-06 21:42:35,15.0,0.0,0.0,2.0,0.0,1.0,45.0
2025-03-06 21:42:55,2,19407,179,b67S8226LE,0,21,3,6,3,0,-0.7071067811865477,0.7071067811865474,5.0,2025-03-06 21:42:35,20.0,0.0,0.0,0.0,2.0,0.0,40.0
2025-03-06 21:43:00,2,19447,232,b53T9812WW,0,21,3,6,3,0,-0.7071067811865477,0.7071067811865474,5.0,2025-03-06 21:42:35,25.0,0.0,0.0,0.0,0.0,2.0,35.0
2025-03-06 21:43:05,1,19743,109,b30R8572QZ,0,21,3,6,3,0,-0.7071067811865477,0.7071067811865474,3.0,2025-03-06 21:42:35,30.0,0.0,0.0,0.0,0.0,0.0,30.0
2025-03-06 21:43:10,1,19620,291,b84U5384MU,0,21,3,6,3,0,-0.7071067811865477,0.7071067811865474,3.0,2025-03-06 21:42:35,35.0,0.0,0.0,0.0,0.0,0.0,25.0
2025-03-06 21:43:15,2,19780,958,b36Y3326FZ,0,21,3,6,3,0,-0.7071067811865477,0.7071067811865474,2.0,2025-03-06 21:42:35,40.0,0.0,0.0,0.0,0.0,0.0,20.0
2025-03-06 21:43:20,2,19312,591,b89Y4494PG,0,21,3,6,3,0,-0.7071067811865477,0.7071067811865474,2.0,2025-03-06 21:42:35,45.0,0.0,0.0,0.0,0.0,0.0,15.0
2025-03-06 21:43:25,3,19312,591,b58Y5663FJ,0,21,3,6,3,0,-0.7071067811865477,0.7071067811865474,0.0,2025-03-06 21:42:35,50.0,0.0,0.0,0.0,0.0,0.0,10.0
2025-03-06 21:43:30,2,19252,724,b17B6818TB,0,21,3,6,3,0,-0.7071067811865477,0.7071067811865474,0.0,2025-03-06 21:42:35,55.0,0.0,0.0,0.0,0.0,0.0,5.0
2025-03-06 21:43:35,3,19922,835,0000000000,1,21,3,6,3,0,-0.7071067811865477,0.7071067811865474,1.0,2025-03-06 21:43:35,0.0,0.0,0.0,0.0,0.0,0.0,0.0
2025-03-06 21:43:40,2,19202,901,b78I4561BD,0,21,3,6,3,0,-0.7071067811865477,0.7071067811865474,1.0,2025-03-06 21:43:35,5.0,1.0,0.0,0.0,0.0,0.0,10.0
2025-03-06 21:43:45,1,19883,643,b86M4701DU,0,21,3,6,3,0,-0.7071067811865477,0.7071067811865474,1.0,2025-03-06 21:43:35,10.0,0.0,1.0,0.0,0.0,0.0,5.0
2025-03-06 21:43:50,2,19844,321,b6XX299EY,2,21,3,6,3,0,-0.7071067811865477,0.7071067811865474,3.0,2025-03-06 21:43:50,0.0,0.0,0.0,1.0,0.0,0.0,0.0
2025-03-06 21:43:55,2,19682,819,b75ZXX5ZY,2,21,3,6,3,0,-0.7071067811865477,0.7071067811865474,5.0,2025-03-06 21:43:55,0.0,2.0,0.0,0.0,1.0,0.0,0.0
2025-03-06 21:44:00,2,19681,455,b87B8863TD,0,21,3,6,3,0,-0.7071067811865477,0.7071067811865474,5.0,2025-03-06 21:43:55,5.0,2.0,2.0,0.0,0.0,1.0,25.0
2025-03-06 21:44:05,2,19844,321,b38S5216ZO,0,21,3,6,3,0,-0.7071067811865477,0.7071067811865474,5.0,2025-03-06 21:43:55,10.0,0.0,2.0,2.0,0.0,0.0,20.0
2025-03-06 21:44:10,1,19741,793,b80F1680UH,0,21,3,6,3,0,-0.7071067811865477,0.7071067811865474,5.0,2025-03-06 21:43:55,15.0,0.0,0.0,2.0,2.0,0.0,15.0
2025-03-06 21:44:15,2,19363,871,b62R5598LH,0,21,3,6,3,0,-0.7071067811865477,0.7071067811865474,5.0,2025-03-06 21:43:55,20.0,0.0,0.0,0.0,2.0,2.0,10.0
2025-03-06 21:44:20,1,19940,330,b94W4535KV,0,21,3,6,3,0,-0.7071067811865477,0.7071067811865474,5.0,2025-03-06 21:43:55,25.0,0.0,0.0,0.0,0.0,2.0,5.0
2025-03-06 21:44:25,3,19197,277,b18QXX5QG,2,21,3,6,3,0,-0.7071067811865477,0.7071067811865474,6.0,2025-03-06 21:44:25,0.0,0.0,0.0,0.0,0.0,0.0,0.0
2025-03-06 21:44:30,3,19866,569,b17K6409CM,0,21,3,6,3,0,-0.7071067811865477,0.7071067811865474,6.0,2025-03-06 21:44:25,5.0,2.0,0.0,0.0,0.0,0.0,85.0
2025-03-06 21:44:35,1,19351,101,b49G5533LY,0,21,3,6,3,0,-0.7071067811865477,0.7071067811865474,6.0,2025-03-06 21:44:25,10.0,0.0,2.0,0.0,0.0,0.0,80.0
2025-03-06 21:44:40,3,19542,173,b29Q4965VL,0,21,3,6,3,0,-0.7071067811865477,0.7071067811865474,4.0,2025-03-06 21:44:25,15.0,0.0,0.0,2.0,0.0,0.0,75.0
2025-03-06 21:44:45,2,19330,400,b36H3637EN,0,21,3,6,3,0,-0.7071067811865477,0.7071067811865474,2.0,2025-03-06 21:44:25,20.0,0.0,0.0,0.0,2.0,0.0,70.0
2025-03-06 21:44:50,2,19057,842,b57K8119EO,0,21,3,6,3,0,-0.7071067811865477,0.7071067811865474,2.0,2025-03-06 21:44:25,25.0,0.0,0.0,0.0,0.0,2.0,65.0
2025-03-06 21:44:55,3,19158,761,b49Z9059CG,0,21,3,6,3,0,-0.7071067811865477,0.7071067811865474,2.0,2025-03-06 21:44:25,30.0,0.0,0.0,0.0,0.0,0.0,60.0
2025-03-06 21:45:00,3,19511,549,b29W8005JP,0,21,3,6,3,0,-0.7071067811865477,0.7071067811865474,2.0,2025-03-06 21:44:25,35.0,0.0,0.0,0.0,0.0,0.0,55.0
2025-03-06 21:45:05,1,19792,195,b15T5519BR,0,21,3,6,3,0,-0.7071067811865477,0.7071067811865474,2.0,2025-03-06 21:44:25,40.0,0.0,0.0,0.0,0.0,0.0,50.0
2025-03-06 21:45:10,1,19659,784,b71O3151HF,0,21,3,6,3,0,-0.7071067811865477,0.7071067811865474,2.0,2025-03-06 21:44:25,45.0,0.0,0.0,0.0,0.0,0.0,45.0
2025-03-06 21:45:15,2,19063,275,b38N9828QA,0,21,3,6,3,0,-0.7071067811865477,0.7071067811865474,0.0,2025-03-06 21:44:25,50.0,0.0,0.0,0.0,0.0,0.0,40.0
2025-03-06 21:45:20,1,19191,376,b29H6592IR,0,21,3,6,3,0,-0.7071067811865477,0.7071067811865474,0.0,2025-03-06 21:44:25,55.0,0.0,0.0,0.0,0.0,0.0,35.0
2025-03-06 21:45:25,2,19484,780,b82N3542UV,0,21,3,6,3,0,-0.7071067811865477,0.7071067811865474,0.0,2025-03-06 21:44:25,60.0,0.0,0.0,0.0,0.0,0.0,30.0
2025-03-06 21:45:30,2,19238,366,b76E1675PE,0,21,3,6,3,0,-0.7071067811865477,0.7071067811865474,0.0,2025-03-06 21:44:25,65.0,0.0,0.0,0.0,0.0,0.0,25.0
2025-03-06 21:45:35,2,19785,442,b71F1119XU,0,21,3,6,3,0,-0.7071067811865477,0.7071067811865474,0.0,2025-03-06 21:44:25,70.0,0.0,0.0,0.0,0.0,0.0,20.0
2025-03-06 21:45:40,3,19722,595,b16R7727JD,0,21,3,6,3,0,-0.7071067811865477,0.7071067811865474,0.0,2025-03-06 21:44:25,75.0,0.0,0.0,0.0,0.0,0.0,15.0
2025-03-06 21:45:45,1,19595,542,b43E1731CQ,0,21,3,6,3,0,-0.7071067811865477,0.7071067811865474,0.0,2025-03-06 21:44:25,80.0,0.0,0.0,0.0,0.0,0.0,10.0
2025-03-06 21:45:50,3,19885,323,b91O9678XG,0,21,3,6,3,0,-0.7071067811865477,0.7071067811865474,0.0,2025-03-06 21:44:25,85.0,0.0,0.0,0.0,0.0,0.0,5.0
2025-03-06 21:45:55,1,19857,438,b23P35,2,21,3,6,3,0,-0.7071067811865477,0.7071067811865474,2.0,2025-03-06 21:45:55,0.0,0.0,0.0,0.0,0.0,0.0,0.0
2025-03-06 21:46:00,1,19940,330,b94W4535KV,0,21,3,6,3,0,-0.7071067811865477,0.7071067811865474,2.0,2025-03-06 21:45:55,5.0,2.0,0.0,0.0,0.0,0.0,100.0
2025-03-06 21:46:05,3,19753,289,b80W9705JG,0,21,3,6,3,0,-0.7071067811865477,0.7071067811865474,2.0,2025-03-06 21:45:55,10.0,0.0,2.0,0.0,0.0,0.0,95.0
2025-03-06 21:46:10,3,19163,806,b95P2431IE,0,21,3,6,3,0,-0.7071067811865477,0.7071067811865474,2.0,2025-03-06 21:45:55,15.0,0.0,0.0,2.0,0.0,0.0,90.0
2025-03-06 21:46:15,3,19153,241,b31U4282CS,0,21,3,6,3,0,-0.7071067811865477,0.7071067811865474,2.0,2025-03-06 21:45:55,20.0,0.0,0.0,0.0,2.0,0.0,85.0
2025-03-06 21:46:20,2,19225,476,b21N1769GW,0,21,3,6,3,0,-0.7071067811865477,0.7071067811865474,2.0,2025-03-06 21:45:55,25.0,0.0,0.0,0.0,0.0,2.0,80.0
2025-03-06 21:46:25,3,19906,607,b51O7401RA,0,21,3,6,3,0,-0.7071067811865477,0.7071067811865474,2.0,2025-03-06 21:45:55,30.0,0.0,0.0,0.0,0.0,0.0,75.0
2025-03-06 21:46:30,1,19709,494,b27H8236DA,0,21,3,6,3,0,-0.7071067811865477,0.7071067811865474,2.0,2025-03-06 21:45:55,35.0,0.0,0.0,0.0,0.0,0.0,70.0
2025-03-06 21:46:35,3,19810,796,b38N6575QJ,0,21,3,6,3,0,-0.7071067811865477,0.7071067811865474,2.0,2025-03-06 21:45:55,40.0,0.0,0.0,0.0,0.0,0.0,65.0
2025-03-06 21:46:40,1,19416,364,b92U8267TB,0,21,3,6,3,0,-0.7071067811865477,0.7071067811865474,2.0,2025-03-06 21:45:55,45.0,0.0,0.0,0.0,0.0,0.0,60.0
2025-03-06 21:46:45,3,19375,923,b95T7151EG,0,21,3,6,3,0,-0.7071067811865477,0.7071067811865474,0.0,2025-03-06 21:45:55,50.0,0.0,0.0,0.0,0.0,0.0,55.0
2025-03-06 21:46:50,3,19798,894,b31B8429HI,0,21,3,6,3,0,-0.7071067811865477,0.7071067811865474,0.0,2025-03-06 21:45:55,55.0,0.0,0.0,0.0,0.0,0.0,50.0
2025-03-06 21:46:55,1,19355,885,b24F3833WE,0,21,3,6,3,0,-0.7071067811865477,0.7071067811865474,0.0,2025-03-06 21:45:55,60.0,0.0,0.0,0.0,0.0,0.0,45.0
2025-03-06 21:47:00,3,19017,336,b31R4495SX,0,21,3,6,3,0,-0.7071067811865477,0.7071067811865474,0.0,2025-03-06 21:45:55,65.0,0.0,0.0,0.0,0.0,0.0,40.0
2025-03-06 21:47:05,1,19235,820,b57O6775EF,0,21,3,6,3,0,-0.7071067811865477,0.7071067811865474,0.0,2025-03-06 21:45:55,70.0,0.0,0.0,0.0,0.0,0.0,35.0
2025-03-06 21:47:10,2,19967,187,b20J6294UG,0,21,3,6,3,0,-0.7071067811865477,0.7071067811865474,0.0,2025-03-06 21:45:55,75.0,0.0,0.0,0.0,0.0,0.0,30.0
2025-03-06 21:47:15,1,19333,140,b61O9382AD,0,21,3,6,3,0,-0.7071067811865477,0.7071067811865474,0.0,2025-03-06 21:45:55,80.0,0.0,0.0,0.0,0.0,0.0,25.0
2025-03-06 21:47:20,3,19341,789,b35J6023FM,0,21,3,6,3,0,-0.7071067811865477,0.7071067811865474,0.0,2025-03-06 21:45:55,85.0,0.0,0.0,0.0,0.0,0.0,20.0
2025-03-06 21:47:25,2,19638,650,b89X9627XX,0,21,3,6,3,0,-0.7071067811865477,0.7071067811865474,0.0,2025-03-06 21:45:55,90.0,0.0,0.0,0.0,0.0,0.0,15.0
2025-03-06 21:47:30,1,19408,537,b99S5653FX,0,21,3,6,3,0,-0.7071067811865477,0.7071067811865474,0.0,2025-03-06 21:45:55,95.0,0.0,0.0,0.0,0.0,0.0,10.0
2025-03-06 21:47:35,3,19037,215,b57J7108TX,0,21,3,6,3,0,-0.7071067811865477,0.7071067811865474,0.0,2025-03-06 21:45:55,100.0,0.0,0.0,0.0,0.0,0.0,5.0
2025-03-06 21:47:40,3,19043,366,0000000000,1,21,3,6,3,0,-0.7071067811865477,0.7071067811865474,1.0,2025-03-06 21:47:40,0.0,0.0,0.0,0.0,0.0,0.0,0.0
2025-03-06 21:47:45,1,19649,450,bXX779ZL,2,21,3,6,3,0,-0.7071067811865477,0.7071067811865474,3.0,2025-03-06 21:47:45,0.0,1.0,0.0,0.0,0.0,0.0,0.0
2025-03-06 21:47:50,1,19095,545,b11V9680QG,0,21,3,6,3,0,-0.7071067811865477,0.7071067811865474,3.0,2025-03-06 21:47:45,5.0,2.0,1.0,0.0,0.0,0.0,9999.0
2025-03-06 21:47:55,2,19354,244,b25W7408MN,0,21,3,6,3,0,-0.7071067811865477,0.7071067811865474,3.0,2025-03-06 21:47:45,10.0,0.0,2.0,1.0,0.0,0.0,9999.0
2025-03-06 21:48:00,1,19028,685,b92R6091TH,0,21,3,6,3,0,-0.7071067811865477,0.7071067811865474,3.0,2025-03-06 21:47:45,15.0,0.0,0.0,2.0,1.0,0.0,9999.0
2025-03-06 21:48:05,3,19753,289,b76T9381ZZ,0,21,3,6,3,0,-0.7071067811865477,0.7071067811865474,3.0,2025-03-06 21:47:45,20.0,0.0,0.0,0.0,2.0,1.0,9999.0
2025-03-06 21:48:10,1,19682,819,b50U7426KT,0,21,3,6,3,0,-0.7071067811865477,0.7071067811865474,3.0,2025-03-06 21:47:45,25.0,0.0,0.0,0.0,0.0,2.0,9999.0
2025-03-06 21:48:15,3,19578,912,b29H9759SH,0,21,3,6,3,0,-0.7071067811865477,0.7071067811865474,3.0,2025-03-06 21:47:45,30.0,0.0,0.0,0.0,0.0,0.0,9999.0
2025-03-06 21:48:20,1,19839,169,b14M3013ZC,0,21,3,6,3,0,-0.7071067811865477,0.7071067811865474,3.0,2025-03-06 21:47:45,35.0,0.0,0.0,0.0,0.0,0.0,9999.0
2025-03-06 21:48:25,3,19060,126,b69J8529SM,0,21,3,6,3,0,-0.7071067811865477,0.7071067811865474,3.0,2025-03-06 21:47:45,40.0,0.0,0.0,0.0,0.0,0.0,9999.0
2025-03-06 21:48:30,1,19584,197,b10K4000ET,0,21,3,6,3,0,-0.7071067811865477,0.7071067811865474,2.0,2025-03-06 21:47:45,45.0,0.0,0.0,0.0,0.0,0.0,9999.0
2025-03-06 21:48:35,2,19052,867,b27T6227VR,0,21,3,6,3,0,-0.7071067811865477,0.7071067811865474,0.0,2025-03-06 21:47:45,50.0,0.0,0.0,0.0,0.0,0.0,9999.0
2025-03-06 21:48:40,1,19942,897,b83A5871LM,0,21,3,6,3,0,-0.7071067811865477,0.7071067811865474,0.0,2025-03-06 21:47:45,55.0,0.0,0.0,0.0,0.0,0.0,9999.0
2025-03-06 21:48:45,1,19688,333,b25P2283HQ,0,21,3,6,3,0,-0.7071067811865477,0.7071067811865474,0.0,2025-03-06 21:47:45,60.0,0.0,0.0,0.0,0.0,0.0,9999.0
2025-03-06 21:48:50,2,19434,959,b40W4613PO,0,21,3,6,3,0,-0.7071067811865477,0.7071067811865474,0.0,2025-03-06 21:47:45,65.0,0.0,0.0,0.0,0.0,0.0,9999.0
2025-03-06 21:48:55,1,19158,761,b54K7695QL,0,21,3,6,3,0,-0.7071067811865477,0.7071067811865474,0.0,2025-03-06 21:47:45,70.0,0.0,0.0,0.0,0.0,0.0,9999.0
2025-03-06 21:49:00,1,19616,660,b90C8262HI,0,21,3,6,3,0,-0.7071067811865477,0.7071067811865474,0.0,2025-03-06 21:47:45,75.0,0.0,0.0,0.0,0.0,0.0,9999.0
2025-03-06 21:49:05,3,19753,289,b76T9381ZZ,0,21,3,6,3,0,-0.7071067811865477,0.7071067811865474,0.0,2025-03-06 21:47:45,80.0,0.0,0.0,0.0,0.0,0.0,9999.0
2025-03-06 21:49:10,3,19635,624,b76U3470QG,0,21,3,6,3,0,-0.7071067811865477,0.7071067811865474,0.0,2025-03-06 21:47:45,85.0,0.0,0.0,0.0,0.0,0.0,9999.0
2025-03-06 21:49:15,2,19344,629,b11D5305BA,0,21,3,6,3,0,-0.7071067811865477,0.7071067811865474,0.0,2025-03-06 21:47:45,90.0,0.0,0.0,0.0,0.0,0.0,9999.0
2025-03-06 21:49:20,1,19112,219,b13Q4859RZ,0,21,3,6,3,0,-0.7071067811865477,0.7071067811865474,0.0,2025-03-06 21:47:45,95.0,0.0,0.0,0.0,0.0,0.0,9999.0
2025-03-06 21:49:25,2,19631,693,b78K1812YU,0,21,3,6,3,0,-0.7071067811865477,0.7071067811865474,0.0,2025-03-06 21:47:45,100.0,0.0,0.0,0.0,0.0,0.0,9999.0
2025-03-06 21:49:30,1,19844,321,b38S5216ZO,0,21,3,6,3,0,-0.7071067811865477,0.7071067811865474,0.0,2025-03-06 21:47:45,105.0,0.0,0.0,0.0,0.0,0.0,9999.0
2025-03-06 21:49:35,3,19436,498,b51C2974WT,0,21,3,6,3,0,-0.7071067811865477,0.7071067811865474,0.0,2025-03-06 21:47:45,110.0,0.0,0.0,0.0,0.0,0.0,9999.0
2025-03-06 21:49:40,1,19687,901,b68D1272AZ,0,21,3,6,3,0,-0.7071067811865477,0.7071067811865474,0.0,2025-03-06 21:47:45,115.0,0.0,0.0,0.0,0.0,0.0,9999.0
2025-03-06 21:49:45,3,19691,658,b71M6670QF,0,21,3,6,3,0,-0.7071067811865477,0.7071067811865474,0.0,2025-03-06 21:47:45,120.0,0.0,0.0,0.0,0.0,0.0,9999.0
2025-03-06 21:49:50,3,19100,908,b85X1185GF,0,21,3,6,3,0,-0.7071067811865477,0.7071067811865474,0.0,2025-03-06 21:47:45,125.0,0.0,0.0,0.0,0.0,0.0,9999.0
2025-03-06 21:49:55,1,19285,380,b72X6345EM,0,21,3,6,3,0,-0.7071067811865477,0.7071067811865474,0.0,2025-03-06 21:47:45,130.0,0.0,0.0,0.0,0.0,0.0,9999.0
2025-03-06 21:50:00,3,19469,243,b40D7993HU,0,21,3,6,3,0,-0.7071067811865477,0.7071067811865474,0.0,2025-03-06 21:47:45,135.0,0.0,0.0,0.0,0.0,0.0,9999.0
2025-03-06 21:50:05,3,19872,681,b58Q9450KK,0,21,3,6,3,0,-0.7071067811865477,0.7071067811865474,0.0,2025-03-06 21:47:45,140.0,0.0,0.0,0.0,0.0,0.0,9999.0
2025-03-06 21:50:10,2,19649,450,b97V9069IP,0,21,3,6,3,0,-0.7071067811865477,0.7071067811865474,0.0,2025-03-06 21:47:45,145.0,0.0,0.0,0.0,0.0,0.0,9999.0
2025-03-06 21:50:15,2,19546,368,b61N8570QJ,0,21,3,6,3,0,-0.7071067811865477,0.7071067811865474,0.0,2025-03-06 21:47:45,150.0,0.0,0.0,0.0,0.0,0.0,9999.0
2025-03-06 21:50:20,3,19746,908,b51H2661XR,0,21,3,6,3,0,-0.7071067811865477,0.7071067811865474,0.0,2025-03-06 21:47:45,155.0,0.0,0.0,0.0,0.0,0.0,9999.0
2025-03-06 21:50:25,3,19131,547,b14I2575FN,0,21,3,6,3,0,-0.7071067811865477,0.7071067811865474,0.0,2025-03-06 21:47:45,160.0,0.0,0.0,0.0,0.0,0.0,9999.0
2025-03-06 21:50:30,1,19931,668,b89Q1365RJ,0,21,3,6,3,0,-0.7071067811865477,0.7071067811865474,0.0,2025-03-06 21:47:45,165.0,0.0,0.0,0.0,0.0,0.0,9999.0
2025-03-06 21:50:35,3,19656,572,b63R8401JZ,0,21,3,6,3,0,-0.7071067811865477,0.7071067811865474,0.0,2025-03-06 21:47:45,170.0,0.0,0.0,0.0,0.0,0.0,9999.0
2025-03-06 21:50:40,3,19336,133,b27C7017UI,0,21,3,6,3,0,-0.7071067811865477,0.7071067811865474,0.0,2025-03-06 21:47:45,175.0,0.0,0.0,0.0,0.0,0.0,9999.0
2025-03-06 21:50:45,1,19187,667,b13W6087LY,0,21,3,6,3,0,-0.7071067811865477,0.7071067811865474,0.0,2025-03-06 21:47:45,180.0,0.0,0.0,0.0,0.0,0.0,9999.0
2025-03-06 21:50:50,3,19856,188,b32T8386JD,0,21,3,6,3,0,-0.7071067811865477,0.7071067811865474,0.0,2025-03-06 21:47:45,185.0,0.0,0.0,0.0,0.0,0.0,9999.0
2025-03-06 21:50:55,1,19218,271,b72T8320YJ,0,21,3,6,3,0,-0.7071067811865477,0.7071067811865474,0.0,2025-03-06 21:47:45,190.0,0.0,0.0,0.0,0.0,0.0,9999.0
2025-03-06 21:51:00,1,19017,336,b31R4495SX,0,21,3,6,3,0,-0.7071067811865477,0.7071067811865474,0.0,2025-03-06 21:47:45,195.0,0.0,0.0,0.0,0.0,0.0,9999.0
2025-03-06 21:51:05,2,19246,768,b70E5219LB,0,21,3,6,3,0,-0.7071067811865477,0.7071067811865474,0.0,2025-03-06 21:47:45,200.0,0.0,0.0,0.0,0.0,0.0,9999.0
2025-03-06 21:51:10,3,19237,343,b89S3451VL,0,21,3,6,3,0,-0.7071067811865477,0.7071067811865474,0.0,2025-03-06 21:47:45,205.0,0.0,0.0,0.0,0.0,0.0,9999.0
2025-03-06 21:51:15,3,19748,291,b46P6638VJ,0,21,3,6,3,0,-0.7071067811865477,0.7071067811865474,0.0,2025-03-06 21:47:45,210.0,0.0,0.0,0.0,0.0,0.0,9999.0
2025-03-06 21:51:20,3,19064,267,b58P1658AH,0,21,3,6,3,0,-0.7071067811865477,0.7071067811865474,0.0,2025-03-06 21:47:45,215.0,0.0,0.0,0.0,0.0,0.0,9999.0
2025-03-06 21:51:25,1,19142,721,b74J7938NM,0,21,3,6,3,0,-0.7071067811865477,0.7071067811865474,0.0,2025-03-06 21:47:45,220.0,0.0,0.0,0.0,0.0,0.0,9999.0
2025-03-06 21:51:30,1,19958,211,b47T2113TP,0,21,3,6,3,0,-0.7071067811865477,0.7071067811865474,0.0,2025-03-06 21:47:45,225.0,0.0,0.0,0.0,0.0,0.0,9999.0
2025-03-06 21:51:35,1,19910,219,b76E6925SW,0,21,3,6,3,0,-0.7071067811865477,0.7071067811865474,0.0,2025-03-06 21:47:45,230.0,0.0,0.0,0.0,0.0,0.0,9999.0
2025-03-06 21:51:40,3,19262,946,b55W1157CJ,0,21,3,6,3,0,-0.7071067811865477,0.7071067811865474,0.0,2025-03-06 21:47:45,235.0,0.0,0.0,0.0,0.0,0.0,9999.0
2025-03-06 21:51:45,1,19825,489,b31X9231EM,0,21,3,6,3,0,-0.7071067811865477,0.7071067811865474,0.0,2025-03-06 21:47:45,240.0,0.0,0.0,0.0,0.0,0.0,9999.0
2025-03-06 21:51:50,2,19831,309,b20L4212QX,0,21,3,6,3,0,-0.7071067811865477,0.7071067811865474,0.0,2025-03-06 21:47:45,245.0,0.0,0.0,0.0,0.0,0.0,9999.0
2025-03-06 21:51:55,1,19879,467,b14F4282LE,0,21,3,6,3,0,-0.7071067811865477,0.7071067811865474,0.0,2025-03-06 21:47:45,250.0,0.0,0.0,0.0,0.0,0.0,9999.0
2025-03-06 21:52:00,3,19339,761,b34L7313JF,0,21,3,6,3,0,-0.7071067811865477,0.7071067811865474,0.0,2025-03-06 21:47:45,255.0,0.0,0.0,0.0,0.0,0.0,9999.0
2025-03-06 21:52:05,2,19616,660,b27I9566HE,0,21,3,6,3,0,-0.7071067811865477,0.7071067811865474,0.0,2025-03-06 21:47:45,260.0,0.0,0.0,0.0,0.0,0.0,9999.0
2025-03-06 21:52:10,2,19949,862,b80H2484MV,0,21,3,6,3,0,-0.7071067811865477,0.7071067811865474,0.0,2025-03-06 21:47:45,265.0,0.0,0.0,0.0,0.0,0.0,9999.0
2025-03-06 21:52:15,2,19431,574,b15B3419RL,0,21,3,6,3,0,-0.7071067811865477,0.7071067811865474,0.0,2025-03-06 21:47:45,270.0,0.0,0.0,0.0,0.0,0.0,9999.0
2025-03-06 21:52:20,1,19282,171,b89J5232SJ,0,21,3,6,3,0,-0.7071067811865477,0.7071067811865474,0.0,2025-03-06 21:47:45,275.0,0.0,0.0,0.0,0.0,0.0,9999.0
2025-03-06 21:52:25,2,19025,204,b31T7032LJ,0,21,3,6,3,0,-0.7071067811865477,0.7071067811865474,0.0,2025-03-06 21:47:45,280.0,0.0,0.0,0.0,0.0,0.0,9999.0
2025-03-06 21:52:30,3,19027,376,b80N4297NO,0,21,3,6,3,0,-0.7071067811865477,0.7071067811865474,0.0,2025-03-06 21:47:45,285.0,0.0,0.0,0.0,0.0,0.0,9999.0
2025-03-06 21:52:35,2,19632,624,b49G1756ES,0,21,3,6,3,0,-0.7071067811865477,0.7071067811865474,0.0,2025-03-06 21:47:45,290.0,0.0,0.0,0.0,0.0,0.0,9999.0
2025-03-06 21:52:40,1,19608,879,b63U6131FQ,0,21,3,6,3,0,-0.7071067811865477,0.7071067811865474,0.0,2025-03-06 21:47:45,295.0,0.0,0.0,0.0,0.0,0.0,9999.0
2025-03-06 21:52:45,2,19718,117,b90F5671VB,0,21,3,6,3,0,-0.7071067811865477,0.7071067811865474,0.0,2025-03-06 21:47:45,300.0,0.0,0.0,0.0,0.0,0.0,9999.0
2025-03-06 21:52:50,2,19848,158,b75Y8210YW,0,21,3,6,3,0,-0.7071067811865477,0.7071067811865474,0.0,2025-03-06 21:47:45,305.0,0.0,0.0,0.0,0.0,0.0,9999.0
2025-03-06 21:52:55,1,19158,761,b99W6279YQ,0,21,3,6,3,0,-0.7071067811865477,0.7071067811865474,0.0,2025-03-06 21:47:45,310.0,0.0,0.0,0.0,0.0,0.0,9999.0
2025-03-06 21:53:00,1,19947,187,b50G4874VS,0,21,3,6,3,0,-0.7071067811865477,0.7071067811865474,0.0,2025-03-06 21:47:45,315.0,0.0,0.0,0.0,0.0,0.0,9999.0
2025-03-06 21:53:05,2,19075,943,b40D8465WR,0,21,3,6,3,0,-0.7071067811865477,0.7071067811865474,0.0,2025-03-06 21:47:45,320.0,0.0,0.0,0.0,0.0,0.0,9999.0
2025-03-06 21:53:10,3,19770,347,b27O2089VX,0,21,3,6,3,0,-0.7071067811865477,0.7071067811865474,0.0,2025-03-06 21:47:45,325.0,0.0,0.0,0.0,0.0,0.0,9999.0
2025-03-06 21:53:15,1,19798,894,b69R3092BW,0,21,3,6,3,0,-0.7071067811865477,0.7071067811865474,0.0,2025-03-06 21:47:45,330.0,0.0,0.0,0.0,0.0,0.0,9999.0
